address_id,address
A0,"480 Smith Lakes Apt. 052, New Oliviaville, MN 67049"
A1,"38594 Gina Hollow Suite 566, South Eric, OH 09024"
A2,"9018 Kevin Neck Suite 512, Port Marytown, SD 21757"
A3,"PSC 8828, Box 4251, APO AE 27889"
A4,"USS Powell, FPO AP 02390"
A5,"46760 Rice Plaza, Paulside, AR 55711"
A6,"22250 Lopez Ridges Apt. 020, North Anthonyshire, MA 27447"
A7,"63838 Rachel Courts Apt. 048, Huffburgh, SC 18469"
A8,"6118 Steven Flats Apt. 488, Lake Jenniferhaven, TN 24175"
A9,"2135 White Loop, New Karen, GU 85220"
A10,"Unit 1523 Box 7505, DPO AP 86197"
A11,"44427 Martinez Road, Port Melissaland, RI 55155"
A12,"PSC 3385, Box 2321, APO AE 84041"
A13,"045 Evans Isle Suite 435, South Ericton, VT 23718"
A14,"PSC 4790, Box 0782, APO AE 78580"
A15,"6343 Everett Ridges Suite 610, Port Tommyberg, NC 74899"
A16,"9330 Nicholas Meadow, Frankside, IL 34094"
A17,"630 Gonzalez Dale, Port Janetbury, KY 77026"
A18,"PSC 8220, Box 6359, APO AE 59521"
A19,"427 Jackson Parkway, North Melissafort, AR 48906"
A20,"8634 Daniel Extension, Evansport, CA 48740"
A21,"Unit 8306 Box 3791, DPO AP 56805"
A22,"30427 Monica Landing, Joshuaton, AL 34486"
A23,"0332 Benjamin Flat Apt. 266, North Kevin, NH 42873"
A24,"01081 Davis Spurs, Johnchester, AS 93393"
A25,"408 Clements Cliff, Lake Amy, UT 62481"
A26,"Unit 9791 Box 7243, DPO AA 41543"
A27,"07016 Natasha Trail, Travisland, OR 01501"
A28,"76766 Owens Loaf Suite 127, North Austinview, MN 98774"
A29,"Unit 9895 Box 7364, DPO AP 71188"
A30,"147 Ross Drive, Ericton, AL 34402"
A31,"PSC 7275, Box 4302, APO AE 57412"
A32,"1596 Gardner Ford Apt. 321, Markmouth, GA 91392"
A33,"9934 Donald Roads Apt. 939, New Jonville, HI 79908"
A34,"49879 Sue Curve Apt. 955, North Wendyfort, ID 99161"
A35,"6330 Julia Rue, Lindsayfurt, TX 76550"
A36,"80082 Morgan Terrace, North Karenside, PA 07261"
A37,"448 Steven Junctions, West Vanessa, DC 72462"
A38,"0235 Paige Knolls, South Bobbyview, VI 44066"
A39,"2331 Aaron Trail Apt. 973, Edwardtown, MN 55126"
A40,"945 Crystal Station Suite 258, Chavezton, AL 94207"
A41,"172 Lang Knolls Suite 298, Port Laurie, GU 36671"
A42,"3166 Jimmy Crescent Suite 671, South Cherylfurt, AZ 38303"
A43,"88447 Willis Dam, Lake Samantha, NE 11020"
A44,"14726 Johnson Ports, Harrismouth, MA 43419"
A45,"6809 Hayes View Apt. 330, Carterborough, TX 56071"
A46,"390 Munoz Run, North Jonathanview, PA 81445"
A47,"82078 Kimberly Landing Apt. 437, Justinton, OK 99937"
A48,"2592 Collin Wells, Lake Jillview, MN 66350"
A49,"1580 Wright Forges, Derrickburgh, MP 52661"
A50,"22041 Sean Orchard, South Laura, MT 14893"
A51,"83590 Penny Trail Apt. 301, South Steven, NY 43093"
A52,"203 James Pike Apt. 281, West Stefanie, HI 47244"
A53,"73376 Castro Flat, Port Michaelshire, MA 77482"
A54,"592 Rhonda Branch, West Christopher, ME 03411"
A55,"820 Lauren Roads, New Scottside, IL 45898"
A56,"400 Steven Viaduct Apt. 685, Baldwinton, OR 46432"
A57,"09025 Aaron Throughway Suite 626, Colleenville, SD 88901"
A58,"9320 Willie Crescent, North Stevenburgh, SC 03235"
A59,"USNV Rodgers, FPO AP 46524"
A60,"331 Elijah Curve Apt. 898, South Michaelhaven, HI 17121"
A61,"23391 John Spur Suite 482, Arnoldburgh, MO 16342"
A62,"262 Willie Course, Alexanderfort, NH 82499"
A63,"201 Eric Estates Suite 242, Port Marcus, DE 55240"
A64,"01166 Hamilton Mountains, Bruceburgh, MI 54307"
A65,"USNS Vega, FPO AA 11576"
A66,"41645 Patrick Lights Suite 401, South Rebeccaborough, CT 70778"
A67,"USCGC Stokes, FPO AA 06997"
A68,"92750 Joshua Route, Austinview, WI 34727"
A69,"3866 Reed Square, South Stephenfurt, NV 52717"
A70,"3121 Megan Plain Suite 613, Ellisonport, WA 87914"
A71,"63668 James Gardens, North Jocelyn, PW 66338"
A72,"90608 Ronald Pike, West Desiree, MT 22091"
A73,"24238 Nicholas Fork, East Andrewview, CA 39650"
A74,"864 Ross Locks Suite 284, Robertside, GA 14553"
A75,"36742 Amy Throughway Apt. 791, Bullockmouth, PR 11877"
A76,"2247 Hernandez Squares, Buchananmouth, WA 17556"
A77,"0277 Joseph Run, Lake Billyton, MD 29851"
A78,"38725 Day Parkways, Josephport, NC 85781"
A79,"39987 Kaitlin Street, West Elizabeth, AL 46103"
A80,"326 Beth Unions Suite 862, North Aliciachester, NH 15174"
A81,"07367 Spears Keys Suite 187, North Mariaview, DC 70826"
A82,"Unit 0938 Box 9964, DPO AE 04005"
A83,"USCGC Dunn, FPO AA 65583"
A84,"489 White Haven Apt. 759, Shannonchester, MO 81332"
A85,"207 Sullivan Forks, East Natalie, MH 31073"
A86,"PSC 6436, Box 9276, APO AA 82318"
A87,"87580 April Spring Apt. 393, Stevenview, CA 63242"
A88,"97906 Matthew Prairie Apt. 945, New Lindaland, WI 12712"
A89,"Unit 6721 Box 5753, DPO AP 48606"
A90,"744 Moran Ridge Apt. 683, Walshville, AS 96515"
A91,"43878 Johnson Row Apt. 401, Lake James, UT 30531"
A92,"612 George Dale, Santanafurt, VI 08450"
A93,"04084 Williams Lodge Apt. 502, West James, TX 34977"
A94,"50479 Little Valleys Apt. 933, Amandaview, MD 20687"
A95,"342 Simmons Neck, Rachelstad, AL 83917"
A96,"3203 Gabriel Islands, Proctorfurt, PW 64008"
A97,"685 Cruz Plaza, West Christophermouth, SC 12153"
A98,"7624 Carpenter Square Apt. 924, East Philipton, OR 27352"
A99,"81898 Davis Locks, Katherineberg, SC 66405"
A100,"1618 Joshua Squares Apt. 984, Gonzalezland, DC 81411"
A101,"55391 Herman Parkways, Courtneytown, CT 90465"
A102,"2187 Henson Crest, North Kylie, MI 15025"
A103,"22484 Lisa Ranch Suite 546, Alisonside, NE 01137"
A104,"8649 Brooks Summit Suite 356, North Brittanyfurt, AR 76769"
A105,"553 Johnston Road, Brownmouth, VT 59702"
A106,"1665 Adam Trace, Stephensland, MI 94814"
A107,"956 Christopher Ports, Leeburgh, TX 87186"
A108,"5721 Jessica Mountains, New Dillonshire, MN 82560"
A109,"7843 Jeffrey Stream, Amymouth, MT 20226"
A110,"9996 Michael Haven, West Patricia, FL 16148"
A111,"19775 Lee Lock Apt. 503, Lake Brandonchester, GU 27984"
A112,"USNV Smith, FPO AA 45809"
A113,"3814 Krueger Mission Apt. 427, Dianefurt, MT 30548"
A114,"3064 Travis Fords Suite 159, Lake Joseph, SC 84676"
A115,"298 Phillip Cove, Martinfurt, OK 47422"
A116,"552 William Canyon, South Zacharystad, DC 38965"
A117,"68792 Richards Estate Suite 853, North Wendyville, NC 80444"
A118,"11175 Atkins Valleys Apt. 512, East Justinville, MT 73141"
A119,"58311 John Key, North Alisonberg, NV 92242"
A120,"266 Cindy Glen Apt. 090, Jensenchester, IN 08254"
A121,"190 Little Walk, Danafurt, MA 17555"
A122,"413 White Mountain, Tarabury, MH 80142"
A123,"89255 Schmidt Parks, West Benjamin, DC 85932"
A124,"64542 White Parks Suite 367, West Juliestad, HI 11580"
A125,"3715 Griffith Point Apt. 766, Lake Matthew, NC 93591"
A126,"04983 Dean Junctions, Stoneshire, KY 46004"
A127,"PSC 3864, Box 1009, APO AA 47270"
A128,"99060 Tiffany Falls, Doughertymouth, NH 21785"
A129,"121 Howard Coves, East Margaret, OH 94793"
A130,"7609 Katelyn Loaf, South Benjaminbury, FM 67570"
A131,"5748 Gary Vista, West Taylorberg, OH 44328"
A132,"684 Shaw Pine, West Megan, MD 84591"
A133,"992 Matthew Bypass, Silvashire, TX 96773"
A134,"3255 Brittany Ford, Nortonburgh, WV 77068"
A135,"55507 Haynes Ferry Apt. 327, Port Brianville, MO 61496"
A136,"7494 Cheryl Island, Port Crystalmouth, VI 66225"
A137,"35290 Robin Forges Suite 922, Melvinside, PW 86643"
A138,"PSC 4999, Box 5481, APO AE 52033"
A139,"025 Janice Spur, South Rachelmouth, NC 45381"
A140,"437 Jesse Point Apt. 281, East Kennethstad, AS 76709"
A141,"239 Johnson Mission, Castilloville, FL 26201"
A142,"8336 Benitez Dale Apt. 670, South Susanborough, AS 33547"
A143,"0728 James Village Apt. 469, West Jenniferton, HI 59739"
A144,"8656 Diaz Villages, Johnsonland, SD 07597"
A145,"53309 Samantha River Apt. 124, Lake Todd, NC 81179"
A146,"93244 Swanson Pass Apt. 606, New John, VA 59632"
A147,"6050 Gardner Ridge Apt. 847, Aaronton, OR 95724"
A148,"1091 Cynthia Underpass Apt. 095, East Kennethside, MO 43699"
A149,"59587 Santos Grove Apt. 039, Adamfort, VA 59973"
A150,"75722 Scott Inlet Suite 359, East Leslie, LA 77576"
A151,"9917 Carney Locks, East Julie, GA 57796"
A152,"435 Steele Haven, Kellyside, PA 28012"
A153,"295 Smith Circles, Davisside, NH 54298"
A154,"082 Dean Cliffs, Whiteborough, WV 32936"
A155,"53494 Melissa Neck, Gonzalezton, WY 45329"
A156,"423 Ryan Trace Suite 918, Salinasport, PA 89619"
A157,"473 Curry Mall, New Katherineborough, AL 37971"
A158,"20402 Nicole Camp Suite 870, Lake Aaron, OR 03891"
A159,"65168 Dominguez Terrace Suite 087, East Michaelborough, FL 10712"
A160,"0519 Omar Mountain Suite 020, Kellertown, ND 98791"
A161,"5633 Sexton Mission Apt. 522, Amandahaven, AR 68856"
A162,"Unit 9382 Box 4759, DPO AP 12763"
A163,"3222 Connie Dale Apt. 476, Wellsside, HI 57277"
A164,"773 Katherine Mount, North Edward, ME 88435"
A165,"11858 Jonathan Pines, Davidfurt, SC 07643"
A166,"2777 Amanda Street, Dennisside, WV 09988"
A167,"489 Scott Underpass Suite 085, East Amanda, NM 89037"
A168,"67130 Rivera Mission, Hansenchester, AR 39156"
A169,"9472 Baker Island Suite 079, Spencermouth, GU 23506"
A170,"593 Lawrence Hollow Apt. 768, Wilsonchester, NE 71719"
A171,"078 Michelle Mission, Laneview, KS 06493"
A172,"7413 Brian Common Suite 183, Priceport, NV 58045"
A173,"27735 Hammond Isle Apt. 747, North Edwin, MP 33259"
A174,"988 Hernandez Summit Suite 808, Blackbury, DC 42178"
A175,"USNV Vazquez, FPO AP 85661"
A176,"6142 Hill Villages, Youngmouth, HI 90112"
A177,"0042 Janet Row, Simsshire, MH 18956"
A178,"38558 Rhodes Lock Apt. 733, Port Molly, TN 23808"
A179,"Unit 5637 Box 0470, DPO AP 06866"
A180,"1661 Brianna Brook Apt. 516, Romanland, NM 88364"
A181,"7769 Derek Locks Apt. 127, Victoriaside, NJ 09749"
A182,"41401 Benson Flats, Deborahmouth, ND 86026"
A183,"5453 William Wall, Port Thomaschester, MH 13771"
A184,"8055 Pamela Rue Apt. 393, Lake Jamesland, FM 95650"
A185,"086 Ruiz Crossroad, New Alexis, FL 70168"
A186,"496 Weaver Knoll Suite 036, Andersonfurt, PR 31748"
A187,"USNS Kramer, FPO AP 85327"
A188,"820 John Mountain Suite 617, North Ericmouth, HI 85617"
A189,"USNS Wiley, FPO AP 77733"
A190,"6502 Ryan Harbor Apt. 476, Lake Andrew, CT 53134"
A191,"Unit 9392 Box 1830, DPO AE 11648"
A192,"Unit 2538 Box 1940, DPO AP 71081"
A193,"598 Erik Green, South Jamesville, ND 85628"
A194,"945 Brown Light Suite 468, Kimberlychester, MH 34533"
A195,"3378 Daniel Inlet Apt. 642, Reedbury, ME 57474"
A196,"46090 Peters Trace, Kimfort, VI 87008"
A197,"207 Scott Track, Faulknerland, CO 57399"
A198,"7945 Murphy Mountains, West Kellyland, MH 83200"
A199,"9346 Underwood Highway Suite 488, East Stephen, CA 05481"
A200,"92500 Lucas Walk Suite 492, North Patricia, MD 29306"
A201,"069 Dennis Mall, Port Maryfort, ND 87590"
A202,"283 Lucas Meadows, East Christopherborough, WI 16054"
A203,"73528 Erin Burgs Apt. 260, Port Gabriela, KY 79999"
A204,"808 Amber Stravenue Apt. 399, Stewartland, CT 97079"
A205,"9797 Anderson Estates Apt. 252, Victoriashire, FL 01506"
A206,"569 Jessica Course, South Kevin, MA 96061"
A207,"54440 James Cliffs Apt. 220, Port Kathystad, MI 34760"
A208,"244 Gill Falls Apt. 023, Nancyside, OH 91807"
A209,"Unit 3793 Box 6129, DPO AA 19779"
A210,"073 Robert Stravenue, Wadeland, DE 42133"
A211,"19742 Samuel Greens Suite 484, North Wendyville, OK 24063"
A212,"5239 Brown Mount, Lake Michael, UT 02942"
A213,"2305 Gregory Shoal, Edwinbury, SD 44589"
A214,"33014 Mary Throughway, New James, GU 34022"
A215,"900 Serrano Key Suite 551, Frenchchester, MS 06742"
A216,"6553 Matthews Spring Suite 262, Benjaminfurt, MO 37887"
A217,"55475 Velez Burg, Johntown, AL 51239"
A218,"436 Martinez Trafficway, South Joshuaborough, MD 88012"
A219,"USS Pace, FPO AA 39048"
A220,"21798 Calderon Mountains Suite 728, Lake Margarethaven, HI 82683"
A221,"Unit 5896 Box 9849, DPO AA 49127"
A222,"69162 Cantrell Plains Apt. 480, East Sean, NV 64608"
A223,"5055 Gloria Port Suite 979, Ramirezport, DC 38095"
A224,"3377 Jimmy Row Suite 572, Lake Amyland, AZ 45860"
A225,"7405 Davis Fork Apt. 872, East Davidfort, AZ 56168"
A226,"PSC 9062, Box 9469, APO AA 26282"
A227,"227 Jennifer Lake, Grahamshire, OH 08524"
A228,"363 Jones Walks, West Peter, NH 14146"
A229,"0167 Christina Camp Apt. 449, North Kimberly, WI 52827"
A230,"Unit 1068 Box 9252, DPO AA 15562"
A231,"1277 Fitzgerald Vista, Garciaview, HI 52240"
A232,"USNS Hunt, FPO AA 87673"
A233,"7728 Jose Isle, North Theresamouth, HI 71161"
A234,"606 Wagner Walks Suite 436, Evanstown, RI 86119"
A235,"858 Cox Estates, Martinezfurt, GA 83448"
A236,"7633 Dawn Bypass, Kristinaport, KY 06986"
A237,"0401 Lee Springs, Hurstview, NC 85247"
A238,"Unit 1055 Box 0841, DPO AE 61658"
A239,"340 Stewart Gateway Suite 554, Jasmineburgh, RI 88631"
A240,"15655 Stevens Corners Apt. 116, South Kevintown, VI 48086"
A241,"PSC 1421, Box 5769, APO AA 07716"
A242,"48322 Day Views, West Rachelbury, HI 33944"
A243,"71247 Emily Mountains Suite 913, East Andrewland, HI 87941"
A244,"8652 Dan Key, West Tyler, IN 84898"
A245,"50885 Hunter Vista Apt. 505, Lake Spencerstad, TX 05464"
A246,"3590 Amber Trafficway, South Nathaniel, VA 24389"
A247,"Unit 5098 Box 9567, DPO AE 15472"
A248,"5113 Snyder Island, Thorntonfort, DC 15963"
A249,"2987 Boyd View, Danielborough, DE 52607"
A250,"24856 Morgan Causeway Apt. 315, Mikaylatown, GU 05450"
A251,"468 Vickie Route, East Tammymouth, HI 15576"
A252,"606 Wilson Track Suite 164, West Amandaport, MP 88373"
A253,"3755 Lopez Lights, East Jaclynfurt, IA 04856"
A254,"596 Spence Lake Suite 968, Port Desiree, IN 95295"
A255,"268 Garcia Vista Apt. 502, Tranbury, MS 33553"
A256,"736 Williams Drive Apt. 471, New Valeriebury, PA 95380"
A257,"1266 Martin Divide Apt. 136, South Deannaland, PR 36484"
A258,"720 Silva Shoal, West Derek, RI 31388"
A259,"891 Alison Path Apt. 586, New Sharonhaven, NC 56805"
A260,"9809 James Avenue, Steveshire, ND 09676"
A261,"82815 William Village, Rickytown, LA 05542"
A262,"228 Rachel Mews Suite 888, Latoyaton, CO 81100"
A263,"85344 Christie Plaza Suite 654, West Jennifer, MD 53825"
A264,"29632 Tyler Square Apt. 355, New Crystal, WI 16115"
A265,"Unit 1321 Box 5618, DPO AE 87931"
A266,"74744 Davis Crossroad Apt. 684, Gonzalesfurt, NV 12450"
A267,"046 Haley Run Suite 788, South Shannonland, AZ 43962"
A268,"Unit 3235 Box 9798, DPO AE 02644"
A269,"380 Robert Bridge, Marshstad, ID 92710"
A270,"95648 Martin Freeway Apt. 480, West Kristen, KY 04235"
A271,"266 Annette Fork, West Jerome, DC 14808"
A272,"262 Zachary Expressway, New Judithbury, AS 49626"
A273,"1039 Newman Squares, North Lesliehaven, NH 16050"
A274,"408 Conner Wells Suite 492, Lake Patrickport, DC 91465"
A275,"768 Danielle Parkway Apt. 089, Emilyside, IN 59734"
A276,"087 Lisa Place Apt. 663, Monicamouth, KY 77650"
A277,"2528 Elliott Glens, North Paul, PR 26049"
A278,"96923 Nicholas Ford, West Elizabethmouth, DE 23503"
A279,"3737 Troy Parkways Apt. 814, Port Melissaborough, GA 26732"
A280,"1155 Clark Cliffs, Rasmussenmouth, AL 22484"
A281,"05150 Daniel Path Suite 472, West Katherinemouth, GU 10848"
A282,"945 Sarah Forges, Marshallhaven, AS 65872"
A283,"30099 Freeman Haven Suite 188, Amandaborough, MH 91259"
A284,"65022 Branch Canyon Suite 425, Lake Jacob, SD 05812"
A285,"USCGC Hall, FPO AE 87146"
A286,"3576 Morgan Oval, North Patrick, OH 77602"
A287,"PSC 2555, Box 6814, APO AP 77915"
A288,"7419 Jeffrey Curve, Christopherville, MN 86093"
A289,"9250 Johnson Radial, Derekhaven, DE 63344"
A290,"29647 Anna Terrace, Port Jenniferville, MA 36324"
A291,"84537 Micheal Underpass, West Andrew, ME 60358"
A292,"735 Powell Squares Apt. 224, North Calvin, MP 54299"
A293,"7938 Laura Crossing, South Leah, MI 34829"
A294,"3690 Perez Fall Suite 231, West Alexandria, WI 21826"
A295,"37364 Norton Passage, Port Gary, CA 53334"
A296,"06100 Jeremiah Rue, Lake Jenniferstad, IN 05786"
A297,"Unit 6057 Box 4308, DPO AP 22569"
A298,"146 Sanchez Run, Travismouth, VA 35244"
A299,"52191 Mary Trace Suite 780, Joanport, OH 25589"
A300,"033 Robert Cliff, West Gary, DE 92924"
A301,"275 Hudson Expressway Suite 234, Mooreview, CT 11362"
A302,"468 Lori Stream, East Christopher, AS 44490"
A303,"PSC 0954, Box 0087, APO AA 62141"
A304,"3005 Paige Junction Suite 094, New Ralph, NM 79381"
A305,"3543 Robertson Spur, Garzaport, AZ 60499"
A306,"USS Burke, FPO AA 81635"
A307,"0946 Janet Lane Suite 016, New Rickyfurt, RI 64119"
A308,"2964 Joshua Village Suite 918, East Alexander, NJ 05531"
A309,"Unit 0108 Box 4628, DPO AE 27729"
A310,"72288 Jessica Isle, New Maryland, MP 68249"
A311,"3341 Valencia Rest Suite 220, East Thomas, MI 59230"
A312,"USNS Miller, FPO AP 88516"
A313,"37062 Steven Estates, Jessicaside, NV 08996"
A314,"3502 Rowland Garden, Joseburgh, ND 53243"
A315,"USNV Clark, FPO AP 65212"
A316,"21958 Joseph Via Apt. 307, Fosterborough, HI 12727"
A317,"3316 Jerry Summit, Lake Ronaldfurt, RI 29746"
A318,"36537 Diaz Trafficway Apt. 404, Larryport, NC 35210"
A319,"353 Kathleen Ramp, Williamsmouth, AL 70620"
A320,"9037 Huff Streets, Evansmouth, MS 78749"
A321,"380 Christopher Alley Suite 474, Piercebury, WI 18237"
A322,"9143 White Falls Apt. 972, Kruegerberg, MD 00613"
A323,"6490 Pena Bridge, West Lisaburgh, TX 06762"
A324,"10697 Evans Bridge Apt. 719, North Roberthaven, AS 34253"
A325,"1309 Reeves Landing Suite 112, Robertburgh, VT 52137"
A326,"364 Michael Radial Suite 139, Lake Charles, AZ 35199"
A327,"987 Misty Ports Suite 451, East Jill, ND 17543"
A328,"34692 Johnson Crossroad, South Coryside, WI 97620"
A329,"7124 Rubio Points Suite 312, South Jillland, WA 74678"
A330,"9968 Brady Loaf, Wardberg, OR 23869"
A331,"028 Matthew Pass Apt. 943, Welchtown, NC 60633"
A332,"PSC 1659, Box 1257, APO AE 36997"
A333,"48405 Chad Neck, Port Derekport, PR 46402"
A334,"186 Kelly Fall, Mullinston, UT 08708"
A335,"0201 Wendy Port Suite 811, North Elizabeth, ID 06685"
A336,"80273 Eric Roads Suite 965, West Matthewborough, HI 65517"
A337,"74702 Wallace Mews, North Yvette, AR 90283"
A338,"05896 Wilson Isle, Turnermouth, NE 85500"
A339,"013 Amanda Pine, Lindaside, MH 02728"
A340,"99583 Amanda Wall, West Reginahaven, PW 40343"
A341,"856 Curry Mill Apt. 221, Stephentown, MT 33393"
A342,"5263 Heather Squares, Westmouth, HI 41780"
A343,"2340 Rice Trace Apt. 617, Tiffanyview, NH 98395"
A344,"Unit 4233 Box 1007, DPO AE 29672"
A345,"14233 Bryant Wells, South Derrick, AR 16955"
A346,"5061 Adams Summit, Schwartzside, WI 13285"
A347,"USNV Ramos, FPO AP 54845"
A348,"2153 Monica Points Apt. 920, Hortonville, MP 86133"
A349,"07117 Sheppard Highway Suite 751, Leeshire, NM 94054"
A350,"77843 Richard Wall Apt. 706, Port Mary, PW 40976"
A351,"PSC 3947, Box 5025, APO AP 66821"
A352,"790 Rice Plaza, Mooreland, MT 68485"
A353,"8751 Samuel Mountain, Fernandezland, ID 96827"
A354,"3036 Sarah Mission Suite 734, Shawnashire, MN 59783"
A355,"PSC 3981, Box 6352, APO AP 95902"
A356,"552 Shaffer Fields, Ballville, OR 78511"
A357,"62862 Carlos Wall Apt. 208, West Alexandermouth, CO 85236"
A358,"535 Wendy Mountains Apt. 547, Dawnmouth, DE 04908"
A359,"0431 Tammy Streets, Port Kristin, VI 60213"
A360,"2645 Douglas View, Lake Danielburgh, IL 66218"
A361,"5744 Angela Lodge, Nicoleborough, NY 08040"
A362,"78615 Wong Knolls Apt. 104, Javierfort, MI 19618"
A363,"PSC 7879, Box 9847, APO AE 87762"
A364,"14997 Keith Crossroad, South Justintown, OR 36163"
A365,"51047 Michele Track Apt. 313, Parkerfort, TX 76657"
A366,"949 Hammond Oval, Lisafurt, DE 48412"
A367,"847 Rollins Roads Suite 066, New Kyle, ME 32127"
A368,"97980 Michael Route, Paulfurt, PW 78826"
A369,"23787 Greene Fork, Port Andrewtown, GU 00575"
A370,"80082 Steele Union, East Anthonyton, NJ 62759"
A371,"77942 Green Mission Suite 413, Thomasborough, MH 77689"
A372,"02821 Nicholas Court, South Julia, PA 62280"
A373,"USCGC Graham, FPO AP 36065"
A374,"503 Alyssa Viaduct Suite 628, Port Jessicaborough, OH 75085"
A375,"9904 Gould Meadows Apt. 826, Kevinmouth, NC 04812"
A376,"99694 Jennifer Field Suite 716, West Paul, PR 63011"
A377,"14817 Perez Turnpike, Carterport, AK 79480"
A378,"878 Estes Ferry Apt. 296, Port Terrence, FL 30222"
A379,"11225 Russo Crescent Apt. 504, Torresview, VT 83392"
A380,"8067 Bryant Divide Suite 298, New Jacobfurt, AL 44848"
A381,"7189 Valdez Stravenue, Ashleyfort, MA 21992"
A382,"15540 Calhoun Brooks Suite 265, Lake Ambershire, ND 90997"
A383,"084 Dennis Forge Apt. 620, Amberchester, IA 46170"
A384,"42018 Ramirez Mall, Davishaven, SC 55663"
A385,"460 Richard Ways Suite 946, Clarkton, SC 74734"
A386,"4529 Tanya Cove, New Jessicaside, PW 64017"
A387,"042 Mary Estates, Mccormickmouth, AS 08854"
A388,"2182 Villegas Prairie, North John, MH 65186"
A389,"2926 Dennis River Apt. 755, Kylechester, VA 46568"
A390,"0747 Kelly Mountains, Port Tinabury, OK 83362"
A391,"2925 Yvonne Flats Suite 279, Rodriguezshire, WA 22641"
A392,"23350 Armstrong Street Apt. 932, Mccormickberg, RI 25917"
A393,"43637 Stacy Walk, Port Angelaborough, CO 06845"
A394,"670 Rodriguez Park Apt. 331, East Melissaburgh, PR 12830"
A395,"7884 Laurie Plains, Donnaview, WY 39821"
A396,"907 Gordon Vista, North Jacob, PA 26223"
A397,"496 Thomas Throughway, Kellybury, VA 56656"
A398,"2484 Bush Knoll Apt. 840, Whitestad, LA 95022"
A399,"388 Smith Villages Suite 814, Ninaberg, PA 71686"
A400,"60267 Hernandez Islands Apt. 141, Riverashire, NH 05542"
A401,"438 Randolph Ports Suite 691, South Luisburgh, AK 42637"
A402,"201 Ewing Bypass, Harveyton, IA 87793"
A403,"1700 Castillo Rapid Suite 588, North Nathanielburgh, CT 44005"
A404,"605 Garza Corner Apt. 571, New Jonathan, ID 73304"
A405,"37528 Lauren Expressway, South Audrey, MA 90615"
A406,"799 Rose Radial, Taylorhaven, NY 60008"
A407,"981 Marvin Lodge Suite 505, Micheleville, WI 32383"
A408,"226 Paul Rest, West Glendashire, VA 50995"
A409,"56850 Robin Crescent Apt. 324, Port Edwardberg, MH 39235"
A410,"8385 David Garden, Craighaven, NH 23750"
A411,"42788 Moore Wells Apt. 928, Port Donald, VA 12043"
A412,"3942 Dawn Run Apt. 375, Josephborough, SD 36976"
A413,"8754 Alexander Harbor, North Melvin, MO 09309"
A414,"05312 Campbell Harbor, Lake Samuelfort, NE 11085"
A415,"7319 Lisa Fords Apt. 190, Bryanside, OR 14539"
A416,"0426 Fowler Spur Suite 713, South Williamfort, WI 56516"
A417,"1990 Tracy Club, North Paige, HI 05092"
A418,"745 Palmer Points Suite 686, Ryanside, CA 67311"
A419,"42274 Kenneth Crossing, Lawsonland, NC 82653"
A420,"88158 Hutchinson Squares Suite 919, Carterfurt, CT 64703"
A421,"2936 Yu Throughway, Moralesview, AS 37164"
A422,"3865 Robert Spring, Marymouth, OH 10261"
A423,"0361 Kelly Burg Suite 864, West David, PR 63706"
A424,"6146 Jessica Islands, Kaylaborough, AK 80992"
A425,"9149 Chad Corner Suite 826, Andersonstad, WI 13198"
A426,"846 Vega Camp, West Lauren, VA 96879"
A427,"7019 Sandra Row, Santosstad, VA 82264"
A428,"663 Amanda Mission, Bennettmouth, IA 58175"
A429,"223 Theresa Flats, Sarachester, MA 28053"
A430,"74698 Jennifer Parkway, Caitlinton, MO 64871"
A431,"241 Brianna Oval Suite 135, Port Peggy, CO 64756"
A432,"60278 Cook Bypass Suite 572, South Amandaside, NE 30405"
A433,"1345 Daniel Glen, Teresaview, OR 78218"
A434,"16117 Vanessa Shoal, Hartfort, DE 50948"
A435,"434 Olivia Meadow, Jonathanborough, CA 74628"
A436,"06504 Rogers Port Suite 303, Douglasfurt, AS 70554"
A437,"06331 Brown Way, East Timothystad, AK 64575"
A438,"848 Nicole Station Apt. 335, Andrewsview, WI 37086"
A439,"488 Jerry Wall Apt. 999, Calvinburgh, MO 18331"
A440,"5358 Hess Flat, West William, NV 45603"
A441,"47679 Lindsay Shoals Suite 970, West Erica, AZ 23817"
A442,"2253 Felicia Causeway, North Jonathan, LA 92356"
A443,"15038 Tracy Row, Norrishaven, IA 12940"
A444,"589 Hart Loaf Suite 814, Hartchester, ME 10017"
A445,"0758 Hicks Plaza, Lake Adrian, MH 52146"
A446,"47826 Ebony Isle, Brownhaven, RI 70714"
A447,"4396 Stephens Glens Apt. 845, Port Valerieland, OH 44599"
A448,"820 Tyler Fields Suite 909, East Andrew, OH 44015"
A449,"7919 Chelsea Path, East Brandonstad, MD 06885"
A450,"72454 Carlos Harbors Suite 151, Lake Susan, MO 07235"
A451,"Unit 1226 Box 9573, DPO AA 09653"
A452,"8559 Aaron Dale Suite 696, Bowershaven, NV 28575"
A453,"62874 Angela Lake Suite 207, Mullenstad, VI 38075"
A454,"396 Perkins Cove Suite 358, Morganberg, WY 20240"
A455,"719 Robert Stravenue, Deleonchester, OK 37555"
A456,"18208 Jasmine Summit, Santiagoberg, HI 10994"
A457,"08881 Villanueva Well Suite 881, North Lauren, MI 24080"
A458,"58311 Shelley Stream, Hansenbury, VA 97645"
A459,"187 Alexis Views, Johnsonburgh, GU 93764"
A460,"63133 Matthew Overpass Apt. 457, Elizabethtown, VA 48935"
A461,"221 Doris Ramp Apt. 823, Matthewfurt, SD 61897"
A462,"2252 Virginia Pine, Stewartburgh, SD 74993"
A463,"06702 Robinson Island, Johnton, CO 80438"
A464,"3202 Charles Ferry, Laceymouth, DE 18064"
A465,"946 Glenda Ranch, Adamfort, DC 34793"
A466,"290 Christopher Locks Suite 917, Nataliemouth, SC 34074"
A467,"87242 Debbie Vista Suite 262, North Claireberg, NM 61988"
A468,"9682 Harrell Plaza Apt. 835, North Rickchester, IN 41420"
A469,"4248 Rose Divide, Christineburgh, LA 70309"
A470,"15178 Tiffany Ways, North Michael, KS 79708"
A471,"USCGC Collins, FPO AA 39002"
A472,"7252 Nelson Run Apt. 756, Sandersstad, VI 15609"
A473,"9875 Davis Ports Apt. 283, Port Shannonfort, AL 77104"
A474,"18279 Hoover Ridge Apt. 099, Rasmussenmouth, TN 38337"
A475,"PSC 3988, Box 7930, APO AA 23836"
A476,"69702 Brett Burg, Warnershire, AL 82361"
A477,"48773 Walsh Underpass, East Julia, ND 74123"
A478,"382 Megan Alley, Jimenezside, CA 47542"
A479,"7514 Curry Route Suite 968, Lake Jeremytown, IL 75484"
A480,"302 Pamela Canyon, North Mark, WA 26454"
A481,"8562 Guzman Crossroad Suite 452, New Shelby, NE 92987"
A482,"8959 Martinez Expressway Suite 735, East Roy, NE 19548"
A483,"1655 Hawkins Mills Suite 936, Lake Susan, MD 11705"
A484,"513 West Freeway, Aguirreburgh, OH 07494"
A485,"76197 Alexis Mills, Christianmouth, VT 89982"
A486,"8402 Matthews Hills Suite 793, South Kimberlyside, MP 89061"
A487,"3982 Stephen Village Apt. 072, South Jacqueline, CA 27435"
A488,"73131 Fisher Burg, Franciscohaven, TN 67239"
A489,"04484 Coleman Plains, Jamestown, VA 95502"
A490,"2763 Myers Throughway Apt. 248, South Mike, NC 27882"
A491,"PSC 4637, Box 2079, APO AP 95493"
A492,"608 Laura Lights, Lake Cindytown, WI 06866"
A493,"96509 Aaron Loop Suite 009, Rodriguezfurt, SD 46241"
A494,"851 Matthew Turnpike Apt. 381, Freemanville, NC 99069"
A495,"293 Fernandez Inlet Apt. 404, Wilsonburgh, MD 14677"
A496,"39795 Scott Fall, East Roy, ID 92670"
A497,"10143 Hill Island Apt. 316, Smithchester, OR 42025"
A498,"066 Karen Parkway, South Rebecca, TX 92076"
A499,"1147 Meagan Lock Suite 461, Carlafort, MA 50367"
A500,"6798 Hebert Lights Apt. 701, Lake Timothymouth, MH 56436"
A501,"1919 Jordan Port Suite 971, Jonesfort, OK 81521"
A502,"Unit 3205 Box 3560, DPO AA 95385"
A503,"3205 Moreno Coves Suite 279, Leslieland, VT 84784"
A504,"8901 Walsh Harbors Apt. 653, Andrewton, MN 62541"
A505,"1755 James Lake Suite 804, Anthonyland, OR 19712"
A506,"006 Scott Brooks, North Elizabeth, AK 55838"
A507,"6885 Carter Throughway, Paulmouth, UT 50529"
A508,"25713 Craig Viaduct, Nancyhaven, AL 80056"
A509,"88136 Meza Station Apt. 855, Alanland, PW 36684"
A510,"53734 Douglas Fork, Lake Kevinberg, WV 36553"
A511,"346 Mathew Ridges Apt. 841, Wuton, MD 11612"
A512,"428 Jimenez Hills Apt. 018, North Russell, TN 44151"
A513,"64730 Gonzalez Plaza, South Dustin, RI 92913"
A514,"878 Derek Inlet, Popestad, SD 75726"
A515,"9145 Erin Via, East Isaiahton, MH 58497"
A516,"4734 Peter Plains, Port Ryanview, KY 90667"
A517,"Unit 7727 Box 2817, DPO AP 45343"
A518,"USCGC Duran, FPO AE 88510"
A519,"40811 Williams Point, Erikamouth, IL 96697"
A520,"851 Estrada Common, Torresfurt, NJ 39651"
A521,"82683 Kathleen Squares, Bakerfort, OR 15332"
A522,"62078 Tara Loaf, South Christina, IL 50596"
A523,"2755 Bradley Pines Suite 121, North Stephanieview, CT 85666"
A524,"085 Espinoza Plaza Apt. 257, North Erika, PR 48725"
A525,"49281 Lisa Fork Apt. 125, Michaelmouth, MT 86794"
A526,"7529 Daniels Prairie Suite 172, Pattersonton, OR 27809"
A527,"73777 Bailey Fort Apt. 947, Dominguezbury, FM 58758"
A528,"998 Sparks Crossroad, West Krystal, MP 08618"
A529,"9826 Flores Gardens Suite 034, New Stacychester, ND 51480"
A530,"156 Alexander Wall Apt. 281, Payneborough, WY 69375"
A531,"114 Michael Key, North Raymond, TN 23689"
A532,"576 Stephanie Place Apt. 983, North Ralphview, KS 29215"
A533,"16353 Edwards Curve Suite 327, New Michael, NJ 76054"
A534,"11638 Russell Haven, Johnsonville, WA 59631"
A535,"4970 Donna Ranch, Lisaville, MT 53131"
A536,"PSC 8352, Box 7486, APO AA 04045"
A537,"209 Mcdaniel Cove, New Ericshire, NH 88832"
A538,"76776 Stephen Lodge, North Thomas, WY 94109"
A539,"82032 Amy View Suite 743, North Jimmy, MO 96394"
A540,"4591 Rachael Crest, Port Davidshire, AL 44133"
A541,"780 Martinez Lane, East Robertostad, LA 80690"
A542,"9380 Amanda Estates, Jonesburgh, SC 27898"
A543,"42789 Cynthia Isle Apt. 936, New Shawnview, IN 42822"
A544,"20492 Patrick Shoals Suite 872, South Micheal, TN 96628"
A545,"5448 Christopher Creek, New Robert, GU 11583"
A546,"Unit 5259 Box 7141, DPO AA 04075"
A547,"8721 Mcfarland Port, Wolfeland, SC 03687"
A548,"791 Blackburn Union Apt. 285, Martinezberg, NM 86690"
A549,"3027 Kyle Key, Erikafort, MD 50136"
A550,"9343 Christopher Mountain Apt. 527, Donaldshire, FL 29907"
A551,"0356 Cassie Lake Suite 654, Brooksside, MO 30112"
A552,"1365 Ramos Villages Apt. 510, Connorfurt, MO 75970"
A553,"435 Makayla Inlet, Karenstad, DC 09183"
A554,"497 Manuel Hills Suite 321, Ginafurt, MS 77677"
A555,"36040 Smith Parkway Suite 751, South Whitneychester, MA 08037"
A556,"1133 David Land, Davidberg, NJ 61868"
A557,"292 Sampson Square, Valdezfurt, IL 39116"
A558,"091 Ball Mission, Santoschester, AR 45502"
A559,"916 Sosa Hills Apt. 825, South Shannonmouth, AR 66393"
A560,"985 Richard Squares Apt. 116, East Michele, CT 36384"
A561,"Unit 9989 Box 1291, DPO AP 84759"
A562,"914 Mandy Spring Apt. 889, South Dylan, NC 66579"
A563,"828 Leon Shores, North Kenneth, ME 47433"
A564,"27144 Bryce Freeway Suite 585, Port Sharon, NY 33398"
A565,"7815 Emily Street, Hannahville, PR 22201"
A566,"93750 Gentry Lodge, Katelynton, MI 67678"
A567,"761 Marie Mountains Suite 768, North Kellyside, NE 55408"
A568,"70332 Melissa Alley Suite 488, Robinsonmouth, MI 88853"
A569,"19448 Andrea Plaza Apt. 498, Alexanderfurt, SD 79717"
A570,"102 Lindsey Lakes Apt. 727, Hammondport, MH 10922"
A571,"5395 Ann Crescent, South Anthony, IN 77028"
A572,"11674 Jason Shore, Danielschester, TN 75499"
A573,"177 Edwards Burg, Andersonbury, MI 35295"
A574,"Unit 5744 Box 0552, DPO AA 11072"
A575,"5763 Mann Ways Apt. 576, New Susanshire, PR 92019"
A576,"0441 Smith Pike, New Rodneyland, PW 23151"
A577,"2536 Moore Green, Vincentview, WV 60512"
A578,"538 Allen Estate, Hendricksstad, MO 50713"
A579,"57868 Daniels Branch, Hicksville, KS 27017"
A580,"Unit 9532 Box 6254, DPO AA 59921"
A581,"836 Anderson Rue Suite 352, Janeborough, VT 93577"
A582,"397 Vanessa Turnpike, Marshstad, WV 60810"
A583,"USS Jimenez, FPO AA 08507"
A584,"38972 Peters Highway Apt. 842, Onealbury, SD 49922"
A585,"5897 Hill Road, East Deborahmouth, ME 63191"
A586,"5254 Graham Run, East Candice, WY 56696"
A587,"691 Jamie Lakes, West Natalieview, AS 22552"
A588,"5334 Lindsay Turnpike Apt. 701, Juliaville, ID 53273"
A589,"681 Brian Park, Brettport, WA 55918"
A590,"076 Sims Locks Apt. 760, North Bernard, AZ 07597"
A591,"2734 Robles Expressway Suite 025, Lake Angelaview, NJ 50420"
A592,"27530 Smith Pines Suite 225, East Tylerland, MI 05304"
A593,"6073 Beard Cliffs Suite 496, Mossbury, PW 08753"
A594,"31554 Weiss Trail Suite 588, New Kristi, VT 15331"
A595,"Unit 5117 Box 8934, DPO AA 00525"
A596,"99440 Bowers Mountain Suite 143, Popeburgh, VT 11983"
A597,"15467 Garcia Knolls Suite 430, Nancyville, OH 08201"
A598,"PSC 9987, Box 5849, APO AE 33520"
A599,"0641 Cuevas Oval Apt. 625, North Jonathantown, UT 17364"
A600,"358 Yoder Ridges Apt. 117, Davidport, NY 77408"
A601,"Unit 6681 Box 1773, DPO AP 79301"
A602,"6781 Newton Gateway, Davisshire, PW 91641"
A603,"USNV Zamora, FPO AA 04172"
A604,"956 Summers Mills, New Carlosberg, NH 85546"
A605,"4483 Wallace Well, Thomasshire, DC 12826"
A606,"556 Melton Hill, Lake Jared, IA 57946"
A607,"195 Linda Squares, South Christopherside, HI 91434"
A608,"510 Joyce Stravenue, Johnsonfort, LA 83411"
A609,"29432 Adam Meadow Suite 926, Harveytown, NH 04450"
A610,"73181 Obrien Corner Suite 402, Esparzastad, MP 23453"
A611,"3941 James Locks, Jessicahaven, OK 49841"
A612,"1700 Mark Spur, Joneston, FL 79125"
A613,"Unit 1306 Box 7090, DPO AE 35580"
A614,"USNV Sullivan, FPO AA 81276"
A615,"Unit 2460 Box 5495, DPO AP 30029"
A616,"4274 John Landing Apt. 593, West Vicki, SC 25781"
A617,"56746 Jennifer Via, Briantown, GU 85281"
A618,"44521 Thompson Ridge, South Kyle, UT 07819"
A619,"9873 Ashley Islands Suite 229, Jasonmouth, GU 66536"
A620,"746 Amanda Locks Apt. 106, North Carlosstad, ND 29792"
A621,"84422 Sandoval Neck, Jaredmouth, DC 68753"
A622,"42209 Gregory Port Suite 324, Robinsonport, UT 91874"
A623,"USCGC Jackson, FPO AP 51904"
A624,"8823 Bishop Lake Suite 679, Hammondmouth, MS 34085"
A625,"300 Howard Port, Robertville, AK 43196"
A626,"582 Lee Row, West Renee, LA 71718"
A627,"432 Mckee Mountains, Lake Deantown, MI 03931"
A628,"632 Frye Circle Apt. 847, Port Marcborough, UT 54065"
A629,"65214 White Prairie, Teresaview, NM 66808"
A630,"192 Ronald Plaza Suite 650, East Scottfort, GA 17614"
A631,"95455 Church Junctions Apt. 216, Wilsonmouth, PW 70938"
A632,"70500 Glenn Ridge Suite 846, Lake Walter, IL 99438"
A633,"345 Caitlin Alley, East Emily, MH 15976"
A634,"2234 Richard Villages, Graytown, AR 87782"
A635,"87685 Brian Summit Apt. 070, Mariafort, VI 84289"
A636,"4746 Christina Neck, Lake Elizabethburgh, OR 30889"
A637,"USNS Harris, FPO AP 43785"
A638,"6901 Price Trail, North Christopher, MT 22446"
A639,"34103 Stephanie Manor, Lake Melissaborough, TX 13062"
A640,"43344 Heather Row Apt. 995, New Derrick, VA 91751"
A641,"317 Jill Canyon, East Patriciaview, HI 99328"
A642,"5931 Jennifer Cape Suite 024, West Debraside, MN 58489"
A643,"1904 Amanda Way Apt. 718, Lake John, AK 87177"
A644,"88873 Gonzales Ridges Suite 672, East Kaitlyn, UT 68271"
A645,"61085 Laura Squares Apt. 268, Jennifershire, AR 10053"
A646,"20460 Rachael Vista, Josephmouth, AL 45893"
A647,"146 James Ranch, East Anthony, MH 30820"
A648,"PSC 7084, Box 3809, APO AP 91715"
A649,"72661 Jason Curve Apt. 719, Hollyfort, WV 95401"
A650,"6983 Edwin Valleys Apt. 805, Sandersberg, MO 25545"
A651,"13932 Allen Views, Lake Brian, AK 29297"
A652,"1579 Martin Garden Apt. 679, Millerchester, OH 29835"
A653,"957 Anthony Orchard Apt. 841, North Justinbury, PR 39310"
A654,"181 Michael Tunnel, West Martha, LA 97640"
A655,"497 Regina Track, East Jodi, WI 63078"
A656,"280 Susan Isle Suite 666, Cynthiaville, MT 15705"
A657,"518 Patrick Port Apt. 734, Amyfurt, MO 36304"
A658,"0287 Mark Coves Apt. 659, East Gerald, VA 02891"
A659,"089 Ochoa Valley Suite 201, Victoriafort, IN 60917"
A660,"003 Little Courts, East Robert, AR 51713"
A661,"2466 Julia Mission Suite 164, Stephenmouth, ID 33017"
A662,"USNV Ferguson, FPO AA 94286"
A663,"05429 Thomas Lakes Apt. 631, Brianland, VA 83801"
A664,"269 Thompson Dam Apt. 046, Lake Alexandra, DE 96396"
A665,"88324 Aguilar Dam, South James, ND 28410"
A666,"7195 Gerald Glens, Brownhaven, MN 23685"
A667,"9116 Lisa Streets Suite 108, Port Catherineburgh, FM 17434"
A668,"5244 Austin Turnpike Suite 827, Phillipport, TN 99455"
A669,"266 Gonzales Common Suite 403, North Stephen, NC 57183"
A670,"192 Miller Cliffs Suite 381, Allenview, MS 56236"
A671,"783 Peter Lock, Stephaniechester, SD 76042"
A672,"8144 Julie Landing Suite 311, Tamaraside, VT 73111"
A673,"610 Julie Radial, Davidfort, AZ 58487"
A674,"6092 Christopher Trail Suite 114, East Hannahmouth, FL 54920"
A675,"4856 Natalie Points Suite 421, Olsonmouth, AK 60564"
A676,"77534 James Rest Suite 549, Pearsonside, DC 46621"
A677,"586 Clark Alley, Port Robert, NH 74674"
A678,"700 Richard Flats, Port William, PW 21724"
A679,"2631 Alicia Spurs, Lake Maryborough, PW 19336"
A680,"62187 Cortez Village, South Patrickton, CO 48596"
A681,"1245 Sanders Brook, Gutierrezfort, PW 17284"
A682,"23282 Barbara Well, North Keithshire, CT 92267"
A683,"2536 Hart Village Suite 786, Matthewtown, ME 25361"
A684,"564 Matthew Parkways Suite 020, Garnerland, NM 24073"
A685,"118 Stephen Lodge Suite 652, North Cheryl, VI 02934"
A686,"2604 Christensen Field Suite 240, East Ginafurt, ID 55743"
A687,"26533 Hernandez Ferry, Port Michelletown, WI 95258"
A688,"81180 Alexis Valleys, New Ethan, NJ 38754"
A689,"5648 Anthony Rue Suite 112, Patelstad, FL 67908"
A690,"175 Hannah Orchard, Kendraburgh, CT 82483"
A691,"861 Martin Fork, Port Amanda, OR 41647"
A692,"877 Newman Roads Apt. 446, Territown, ID 44721"
A693,"Unit 3238 Box 6856, DPO AE 60832"
A694,"018 Nolan Fort, Geraldland, ND 19025"
A695,"94668 Harmon Common, Williamsmouth, MS 16231"
A696,"31647 Peggy Overpass Apt. 501, West Luketown, PA 50057"
A697,"1093 Lisa Orchard, Coleborough, MI 35670"
A698,"29916 Victor Dam Apt. 933, Port Chrisside, RI 35217"
A699,"3091 Olson Station Suite 453, Lake Dianebury, KY 87015"
A700,"04423 Brian Greens Suite 922, North Manueltown, IL 92519"
A701,"USCGC Peters, FPO AA 66966"
A702,"5863 Sanchez Underpass, Martinhaven, AS 16192"
A703,"29430 Hernandez Groves, Lewisville, WV 88529"
A704,"27659 Erin Cove, Mccormickshire, CT 58667"
A705,"531 Villanueva Lights Apt. 757, New Elizabeth, CO 12940"
A706,"86834 Campbell Hills Suite 822, Ebonyland, UT 14391"
A707,"58581 Sarah Valley, South Laura, KS 54871"
A708,"58943 Thomas Divide, Campbellbury, NH 53376"
A709,"1294 Kurt Walk Suite 562, North Lisaberg, NE 43545"
A710,"3631 Tammy Lake Apt. 848, Nathanhaven, AL 62282"
A711,"7106 Paul Orchard, Nathanielside, WY 52711"
A712,"803 Jesus Motorway Suite 577, Andrewhaven, SD 39231"
A713,"51211 Michael Road Apt. 927, Mooreburgh, PR 26962"
A714,"9780 Shelton Radial, Chandlershire, MH 03763"
A715,"0675 Julie Roads, Kristenbury, MS 89586"
A716,"1191 Dawn Via Suite 211, Barbarahaven, WA 59080"
A717,"08245 Sullivan Fields Suite 434, Coxmouth, AZ 23741"
A718,"945 Michele Island, Taylorborough, FM 31827"
A719,"4614 May Drive Apt. 896, Lisaland, CA 00847"
A720,"8166 Anthony Street, East Wayne, ME 64018"
A721,"30048 Randy Ways, Richardborough, GA 48993"
A722,"88186 Katherine Green Apt. 789, Bowmanside, WY 38084"
A723,"772 Ryan Mountains Apt. 619, Josephberg, AR 77860"
A724,"7505 Charles Wall, Allenbury, MD 01301"
A725,"198 Kristi Pike, Robinsonfort, DE 06202"
A726,"02102 Wise Lodge Apt. 159, Careyberg, IA 08096"
A727,"0124 Thompson Flat Suite 369, Johnfort, NM 17532"
A728,"USNS Porter, FPO AE 58639"
A729,"6744 David Grove, Danielland, UT 51539"
A730,"136 Andrews Passage Apt. 228, Rasmussenfurt, MD 12791"
A731,"02603 Monica Shore Apt. 357, North Josephhaven, OR 98184"
A732,"3762 Anthony Lodge Apt. 242, Thomasfort, SC 93972"
A733,"675 Castillo Curve Apt. 478, New Melissaburgh, MI 87916"
A734,"88026 Frey Inlet, Hardinland, WA 63026"
A735,"8899 Mcconnell Courts Apt. 366, South Dianetown, IA 68247"
A736,"8467 Brent Crest Apt. 316, Deannaburgh, RI 01706"
A737,"69740 Annette Dale, West Vanessaport, NE 72147"
A738,"55185 Gilmore Parkway Suite 400, West Joseph, ME 48408"
A739,"304 Cardenas Loop Apt. 055, North Lisa, NY 56583"
A740,"405 Duke Ports, Dawsonfurt, FL 70180"
A741,"2311 Brittany Circle Suite 518, Sherristad, ME 41925"
A742,"443 Camacho Junctions Suite 194, New Williamborough, KS 59818"
A743,"608 Patrick Fall, Andersonburgh, FL 01192"
A744,"099 Caitlin Village Suite 966, Jameschester, AZ 36377"
A745,"31656 Gary Village Suite 154, Larsenside, NY 88027"
A746,"620 Rebecca Park, Chadborough, AS 77978"
A747,"171 Jose Point, East Susanshire, KY 88455"
A748,"317 Hayes Roads, Kingside, MH 87633"
A749,"58704 Ramos Mountain Apt. 703, Brookemouth, NJ 05569"
A750,"406 Maria Canyon, Lake Mason, TN 88945"
A751,"5233 Gill Hollow Suite 399, Lake Frankchester, CT 20686"
A752,"61955 Simmons Courts Suite 230, Kyletown, CO 47174"
A753,"9810 Garcia Circle Apt. 325, New Richardville, OH 36025"
A754,"830 Travis Park, Toddton, TX 37575"
A755,"02040 Kelley Track Suite 625, North Anne, NE 20425"
A756,"7577 Kimberly Row, Carolmouth, PR 59770"
A757,"0020 Frey River, Leeburgh, OK 30748"
A758,"0786 Moore Corner, New Patrickville, SD 38866"
A759,"3327 Steven Shoal, Riceberg, KS 93022"
A760,"7501 Solomon Bridge, Millerfurt, OR 93055"
A761,"797 Jackson Expressway, Allisonfurt, CT 23807"
A762,"0064 Jason Run, West Linda, NE 99368"
A763,"5060 Heather Motorway, Garciaton, MO 80487"
A764,"8347 Cooper Forks, South Austin, MT 69490"
A765,"90271 Williams Stravenue, Susanton, FM 08047"
A766,"Unit 0496 Box 0831, DPO AA 85481"
A767,"715 Donald Mills Apt. 891, Lake Mark, CA 81089"
A768,"2765 Laura Harbor Apt. 516, West Virginiachester, IA 06808"
A769,"7537 Brandy Ports Suite 082, Chenside, ND 08672"
A770,"654 Christine Road Apt. 740, Port Brett, PA 34302"
A771,"862 Mcclain Trafficway, North Brandyborough, PR 47783"
A772,"7773 Coleman Glens, Brittanyland, TN 53514"
A773,"399 Michele Forges Suite 398, Jamiehaven, VI 64302"
A774,"USNV Murray, FPO AP 70021"
A775,"44352 Jeremy Ways Suite 129, Patrickfurt, OH 31724"
A776,"097 Hernandez Glens, Darrenside, ID 98122"
A777,"1766 Michael Forge Suite 672, New Franceston, AK 92746"
A778,"9424 Robles Mills Suite 726, West Kelly, ND 78401"
A779,"USNV Richards, FPO AE 78466"
A780,"0566 Perkins Forks Apt. 777, Port Maxwellstad, IL 88031"
A781,"783 Amanda Freeway Suite 121, Port David, CO 64192"
A782,"701 Miller Crest Suite 979, Michaelbury, MI 23639"
A783,"1407 Sanders Pass, Johnsonmouth, CO 31597"
A784,"991 Michelle Harbor, Bookerland, MA 45127"
A785,"0029 Lane Village Suite 262, New Eric, KS 43332"
A786,"41009 Robert Row, East Gregory, MI 68049"
A787,"851 Madden Street, South Matthew, NJ 84705"
A788,"435 Gregory Point, Whitestad, PW 73101"
A789,"164 John Rapid, West Janeland, WY 20793"
A790,"2860 Frank Port Apt. 110, Jaredmouth, WY 64706"
A791,"8525 David Forks, Xavierberg, ID 57886"
A792,"47206 Beck Burgs, Westfurt, AL 66845"
A793,"660 Bradley Heights, Jasontown, TN 93278"
A794,"23232 Gary Summit, New Alanshire, LA 40300"
A795,"7717 Alexandra Wall, South Markchester, WY 59466"
A796,"895 Kennedy Lights, Jonathanmouth, FL 67537"
A797,"USS Allen, FPO AA 61883"
A798,"29029 Johnny Lake, Bridgetmouth, GU 14912"
A799,"450 Daniel Course, Villarrealchester, MH 73607"
A800,"026 Smith Lock, East Michealbury, DE 45589"
A801,"5088 Knox Station Suite 556, New Thomas, HI 93525"
A802,"88176 Juan Station Apt. 001, Lake Troybury, CT 31348"
A803,"676 Bennett Club Suite 462, Barneston, PR 19988"
A804,"0696 Stanley Roads Suite 508, East Philip, TX 97830"
A805,"8570 Shannon Stravenue, Lake Kennethmouth, SD 80179"
A806,"8801 Christopher Locks, North Adammouth, HI 09191"
A807,"31727 Sarah Stravenue, Douglasland, CT 61934"
A808,"1948 Ryan Streets Suite 631, Port Jessicaland, RI 15776"
A809,"8513 Mia Dam Suite 438, Lake Zacharyview, AK 56600"
A810,"1457 Pruitt Dale Suite 532, Dianahaven, MS 70786"
A811,"67166 Mike Meadows Apt. 870, Bryanside, DC 84796"
A812,"166 Henry Pine, Lake Glen, HI 10726"
A813,"6141 Courtney Rue, West Brendastad, AR 20996"
A814,"74026 Natasha Mountains Suite 440, North Annachester, RI 78305"
A815,"847 Carolyn Light Suite 957, South Anthonyland, MP 87966"
A816,"256 Hunter Expressway, Jenningsshire, NH 13977"
A817,"293 Espinoza Heights, South Jeremy, NJ 86382"
A818,"33391 Elijah Meadow Apt. 350, Lake Samuel, DC 59951"
A819,"308 Haynes Dale, Port Elizabeth, RI 11384"
A820,"549 Mark Heights, East Robin, VA 05845"
A821,"71057 Vanessa Haven Apt. 022, Laurenmouth, ME 42812"
A822,"PSC 2374, Box 7603, APO AP 31747"
A823,"PSC 1332, Box 2009, APO AP 10289"
A824,"7010 Hunt Plain Apt. 748, Hoffmanchester, AR 94398"
A825,"7745 Adrian Lodge Apt. 265, Vanessachester, NH 23196"
A826,"291 Ramsey Flat Apt. 036, Evansshire, MD 55269"
A827,"87028 Sawyer Unions, Lake Tonyton, IL 88142"
A828,"895 Russell Falls, Port Candace, NE 44711"
A829,"78715 Eduardo Causeway Apt. 914, Woodside, AR 30038"
A830,"162 Johnson Island, Kellytown, WA 94756"
A831,"7062 Johnson Landing, Brianburgh, WA 03567"
A832,"35160 Martinez Ville, South Jacobstad, KS 14563"
A833,"7482 Daniel Locks, Rodriguezton, DE 33935"
A834,"267 Rodney Prairie, Stephaniefurt, NJ 06282"
A835,"829 Joe Views Suite 341, Justinport, PA 27278"
A836,"734 Lisa Turnpike, Kirbyberg, ME 18252"
A837,"8040 Collins Loop, Port Katelynhaven, AS 47868"
A838,"4244 John Plaza, Harrisshire, MD 31487"
A839,"Unit 3829 Box 4569, DPO AE 47525"
A840,"776 Cobb Station Apt. 956, Ashleystad, SC 02386"
A841,"227 Bianca Shore Apt. 121, East Hectorburgh, SD 44950"
A842,"797 Stevens Land Suite 133, Paulfort, AK 90257"
A843,"1194 Farley Underpass, Tylerstad, VT 41220"
A844,"98626 Alyssa Stravenue Suite 126, East Kariburgh, SC 61693"
A845,"8275 Adrian Mountains Suite 288, New Johnshire, LA 52825"
A846,"360 Castillo Coves, North Steve, WA 90091"
A847,"77927 Todd Ford Suite 222, Mcbrideport, VT 75614"
A848,"USCGC King, FPO AA 58465"
A849,"6074 Stephanie Field Suite 846, Jamesville, GA 60560"
A850,"4324 Martin Overpass Suite 855, Cortezmouth, WV 02487"
A851,"882 Carson Manors, Lake Joshuafurt, UT 04646"
A852,"8002 Martin Glen, North Ethanmouth, OR 87461"
A853,"2260 Diane Expressway, South Mary, KS 70436"
A854,"0094 Powell Road Apt. 695, Blakeborough, AR 69900"
A855,"0806 Heather Lodge Suite 800, Lake Meghan, TX 66991"
A856,"8013 Floyd Drive, Wallacebury, ME 28670"
A857,"PSC 5254, Box 0369, APO AP 35999"
A858,"91293 Mason Tunnel, North Wendy, TX 68569"
A859,"PSC 4097, Box 2383, APO AP 34675"
A860,"99661 Bishop Shoal Suite 386, East Stephen, ID 84973"
A861,"640 Raymond Hollow Suite 344, Markfort, NC 30458"
A862,"14300 Mendez Ports, East Danielleside, PA 38505"
A863,"1847 Jonathan Springs, Rachelmouth, SC 93303"
A864,"504 Chandler Ville Apt. 554, Stacyfurt, WV 97190"
A865,"PSC 3917, Box 0369, APO AP 90202"
A866,"684 Michelle Mount Apt. 781, New Lisa, TX 27587"
A867,"7939 Kenneth Gardens Suite 933, Jeremyshire, WV 45737"
A868,"951 Lauren Fort Suite 417, Ashleyside, PW 29837"
A869,"080 Keller Springs, Port Johnberg, UT 05139"
A870,"22579 Tiffany Extensions Apt. 058, Wadeland, IN 18920"
A871,"445 Thompson Cape Apt. 822, Phamfurt, CT 68730"
A872,"9629 Craig Field, North Shawn, KS 34639"
A873,"83918 Medina Squares, Collinsville, NV 83819"
A874,"85106 Fox Brooks, South Tanya, VI 75708"
A875,"3516 Simon Mountain, Prattfurt, VI 74894"
A876,"251 Dillon Pike Suite 777, Dicksonborough, WV 33057"
A877,"08146 Figueroa Rue Apt. 870, South Sandramouth, GA 72063"
A878,"PSC 4887, Box 2824, APO AA 91565"
A879,"9571 Green Loop Suite 786, Port Tonya, SC 03721"
A880,"0413 Buck Summit Suite 668, North Anthonyshire, DE 39476"
A881,"3760 Charles Dale Suite 541, North Thomasview, GU 58473"
A882,"Unit 9448 Box 4267, DPO AP 21809"
A883,"26710 Danielle Camp, West Gabrielburgh, NE 20548"
A884,"19074 Gentry Glens, North Jonathan, OH 04906"
A885,"730 April Green, Brianbury, GU 56942"
A886,"8859 Katie Shores Suite 304, Kingside, WV 22935"
A887,"0196 Wiley Forges, Bradleyberg, KS 86073"
A888,"381 Hanson Inlet Suite 178, New Lawrencebury, OR 53599"
A889,"62587 Sarah Lights Suite 378, West Don, MO 07446"
A890,"603 Kevin Route Suite 611, South Theresaborough, MT 56476"
A891,"431 Hayden Terrace Apt. 860, Melendezview, SD 85882"
A892,"2416 Katelyn Prairie, Rosshaven, GA 04796"
A893,"44556 Haynes Passage Suite 409, West Christopherton, IN 20893"
A894,"01653 Pace Centers, Emilyside, RI 96220"
A895,"PSC 5885, Box 8236, APO AP 61955"
A896,"433 Wilson Drive, East Sarah, RI 73877"
A897,"214 Davis Greens Suite 290, Foxmouth, MA 71793"
A898,"6725 Saunders Dale, North Michele, AZ 79315"
A899,"368 Atkinson Path Apt. 939, West Melissa, IN 66147"
A900,"01939 Dylan Spur Apt. 661, Phillipsside, NH 06438"
A901,"Unit 1927 Box 2047, DPO AE 66513"
A902,"41817 David Forges, Martinberg, NY 45613"
A903,"1561 Amanda Shoals Suite 621, Juliahaven, NH 49826"
A904,"03072 Katherine Knoll Suite 258, West Donnaville, AL 45276"
A905,"631 Jerome Overpass Suite 716, Annaborough, CO 39735"
A906,"963 Michele Lights Suite 273, New Mandyton, SC 82696"
A907,"31458 Garcia Centers Apt. 616, Garciaborough, MH 07478"
A908,"9258 Sheryl Rest, South Christopherville, UT 03310"
A909,"9018 Jones Road, South Gina, OH 35313"
A910,"733 Rose Ramp Apt. 948, Port Tonyhaven, KY 33308"
A911,"751 Gregory Mountain, New Christina, ME 90474"
A912,"7966 Shannon Trafficway Suite 537, West Andrewborough, GU 06970"
A913,"495 Parsons Forks Apt. 914, Danielfurt, WI 08046"
A914,"269 Christopher Causeway, North Claytonburgh, VI 69473"
A915,"622 Danielle Row Suite 760, Lake Luis, PA 08053"
A916,"691 Melissa Street, Angelafort, NC 27686"
A917,"059 Taylor Trail, Port Gary, UT 58185"
A918,"0720 Darrell Course, Warrenshire, NC 43198"
A919,"937 Taylor Track Suite 071, East Leahview, VT 56750"
A920,"PSC 1609, Box 6724, APO AE 88101"
A921,"4871 Bell Divide Apt. 694, Luisfurt, AZ 57602"
A922,"00871 Dawn Plains Apt. 528, North Hector, VA 46275"
A923,"USNS Villegas, FPO AE 41709"
A924,"013 Johnson Meadows Suite 825, Johnland, MP 44015"
A925,"472 Emily Via, Lake Mark, GA 13114"
A926,"3272 Benjamin Landing, Port Laurenview, SD 82980"
A927,"604 Leslie Plaza, Davilashire, OR 69355"
A928,"14610 Wood Locks, East Kathleenview, PW 38724"
A929,"USNV Ray, FPO AE 16302"
A930,"7919 Parker Vista Apt. 441, Guerreromouth, ME 48456"
A931,"57274 Thomas Stravenue Apt. 336, North Aaron, MP 02652"
A932,"67531 Jermaine Road Apt. 512, Amandaside, CA 61043"
A933,"8434 Daniels Street, West Donna, WA 40257"
A934,"881 Jennifer Lakes, Port Katelynfurt, IL 67918"
A935,"586 Ruben Summit Suite 234, Brendamouth, CT 59544"
A936,"4880 Walton Tunnel, Moralesmouth, IN 02873"
A937,"5299 Stephanie Inlet, North Micheal, MA 46348"
A938,"6166 Oneill Skyway Apt. 963, Ryanstad, AR 56373"
A939,"303 Alexis Summit, South Brittanymouth, ID 66674"
A940,"684 Charles Mill, New Haileyville, MA 66945"
A941,"PSC 4469, Box 3993, APO AA 18128"
A942,"94040 Bush Squares Apt. 916, Flowersside, PR 78158"
A943,"1938 Leonard Parkway, Port Aaron, MO 29185"
A944,"3038 Mary Fords, Robinsonville, NH 69946"
A945,"6346 Cruz Tunnel Apt. 576, Wolfeborough, MO 31983"
A946,"013 Ashley Mountains, Herrerahaven, RI 39070"
A947,"8620 Adkins Parkway Apt. 158, Cynthiatown, NV 49583"
A948,"119 Lewis Shoals, East Joshuabury, HI 95157"
A949,"34915 Murphy Plaza Suite 956, West Amy, MT 36054"
A950,"0268 Rojas Dale, Port Julie, VI 39446"
A951,"79852 Garrett Road, Port Debbie, CA 53266"
A952,"282 Megan Skyway Suite 103, West Williamview, WI 40984"
A953,"5688 Angela Rue Suite 613, Yateston, MO 02554"
A954,"308 Trevor Park, Lake Alexandraland, MT 90250"
A955,"USCGC Poole, FPO AP 32019"
A956,"Unit 9659 Box 9011, DPO AP 13446"
A957,"Unit 0048 Box 4920, DPO AA 13429"
A958,"5392 Torres Orchard, West Trevorport, NE 21859"
A959,"00063 Cox Pike Suite 745, Robinsonview, LA 56879"
A960,"7528 Nichols Streets Apt. 798, Port Chase, MP 88057"
A961,"29053 Brittany Mountain Apt. 901, Everettton, AK 25931"
A962,"9748 Crystal Grove, Parsonschester, DC 36511"
A963,"9500 Faith Roads, North Kelsey, TN 05193"
A964,"PSC 1151, Box 9716, APO AE 65664"
A965,"7708 Edward Valleys Suite 846, Brittanyview, MH 52135"
A966,"4969 Jason Trail Apt. 647, Wrightport, ID 39325"
A967,"81026 Duran Summit, Clayfurt, KS 48978"
A968,"68448 Justin Common Apt. 729, South Angelaton, FL 04475"
A969,"1942 Max Place, North Gregoryton, OK 90980"
A970,"97656 Jennifer Shoals Apt. 953, Briggsview, AK 87900"
A971,"203 Jose Cliffs, West Steven, MH 99085"
A972,"23241 Crawford Radial Apt. 194, Brewerville, WI 40978"
A973,"68388 Meyers Valley, Austinside, MN 17813"
A974,"612 Mckenzie Tunnel Apt. 744, Gloverchester, IN 93957"
A975,"756 Cannon Point, Goodwinstad, ND 28424"
A976,"4785 Holly Square Suite 143, Richardsonport, MS 28008"
A977,"25065 Flores Keys Suite 772, West Taraton, IL 87115"
A978,"0083 Russell Turnpike Apt. 869, East Williamshire, IA 36193"
A979,"11880 Alexandria Lights Apt. 125, Stephenfort, LA 76014"
A980,"60147 Scott Forest, Lake Reginald, IA 26386"
A981,"51161 Christopher Shoal Suite 569, North Bruce, FM 90599"
A982,"55801 Matthew Ports, Whiteport, MH 54865"
A983,"08265 Marshall Springs, Moralestown, SD 13896"
A984,"5763 Katie Forks, Brandonmouth, MH 01519"
A985,"435 Moore Circle, Lake Shannonhaven, MI 14675"
A986,"17835 Andrew Cliff, West Suetown, AR 90376"
A987,"185 Howard Place, West Angelachester, GA 51252"
A988,"19372 David Fields, Jamesbury, MS 68215"
A989,"8828 Jo Crescent Apt. 975, South Christian, AS 06912"
A990,"054 Johnny Fork, South Michael, AK 54454"
A991,"11601 White Island Apt. 184, Davidshire, KS 94635"
A992,"948 Tanner Manors, Port Ronald, IA 59119"
A993,"01573 Sandra Inlet, South Jillian, WA 31799"
A994,"47027 Huff Shoals Apt. 092, East Adam, WY 38131"
A995,"USCGC Browning, FPO AA 33590"
A996,"5812 Michael Falls Apt. 260, North Scott, AK 00814"
A997,"71828 Martinez Place, New William, PA 48058"
A998,"3554 Vasquez Flat, Maryside, MH 36279"
A999,"37115 Justin Circles Suite 387, West Stephenmouth, DE 75012"
