person_id,person_name
P0,Gerald Edwards
P1,Rhonda Sampson
P2,Allison Bishop
P3,Karen Perez MD
P4,Victor Anderson
P5,Brian Craig
P6,Casey Smith
P7,Melissa Smith
P8,Michelle Schmidt
P9,Timothy Lyons
P10,Victoria Johnson
P11,Ray Yates
P12,Timothy Castillo
P13,Christopher Armstrong
P14,Bailey Kelly
P15,Steve Oconnor
P16,Lori Davis
P17,Luis Young
P18,Carol Garcia
P19,Earl Cohen
P20,Shannon Price
P21,Carla Harrington
P22,David Gonzalez
P23,Mark Wright
P24,Matthew Snyder
P25,Jason Wagner
P26,Julia Silva
P27,Benjamin Yates
P28,Nancy Smith
P29,Tim Hull
P30,Jennifer Maldonado
P31,Michael Aguilar
P32,Rhonda Morris
P33,Christopher Robinson
P34,Ana Kerr
P35,Joanna Fischer
P36,Joshua Shaw
P37,Taylor Kelly
P38,Deborah Harper
P39,Mary Rivera
P40,Scott Jordan
P41,Amber Thompson
P42,Mrs. Robin Hansen
P43,Laurie Ford
P44,Michael Curry
P45,Eugene Scott
P46,Jorge Wilson
P47,Miguel Wells
P48,Megan Simmons
P49,Daryl Martin
P50,Brandon Williams
P51,Kevin Holloway
P52,Carly Jacobs
P53,Joseph Miller
P54,William Franklin
P55,Nicole Baker
P56,Amanda Perez
P57,Thomas Luna
P58,Brian Mason
P59,Daniel Duran
P60,Sarah Powell
P61,Miranda Garcia
P62,Catherine Daniel
P63,Christina Mcguire
P64,Mike Walker
P65,Nicole Jones
P66,Jonathan Wilson
P67,Sergio Jacobs
P68,Amanda Gentry
P69,Patricia Peterson
P70,James Thompson
P71,Dillon Nguyen
P72,Steven Perkins
P73,Charles Roberts
P74,Megan Chapman
P75,Ryan Jackson
P76,Steven Perez
P77,Alejandro Jackson
P78,Kelli Zimmerman
P79,Holly Cox
P80,Mary York
P81,Kenneth Stephens
P82,Lisa Williams
P83,Mary Hill
P84,Christopher Espinoza
P85,Courtney Johnson
P86,Michael Mccoy
P87,John Johnson
P88,Melissa Mccoy
P89,Joy Montgomery
P90,Brenda Lindsey
P91,Logan Shah
P92,Megan Johnson
P93,Alyssa Roach
P94,Ryan Hamilton
P95,Christopher White
P96,Veronica Gill
P97,David Walker
P98,Kayla Norton
P99,Ray Simpson
P100,Nathan Becker
P101,Douglas Reynolds
P102,Joshua Terry
P103,Jeremiah Powers
P104,Lawrence Davis
P105,Amy Lee
P106,Christopher Skinner
P107,Tammy Reyes
P108,Corey Phelps
P109,Andrew Boone
P110,Angel Dalton
P111,Sally Pruitt
P112,Devon Rivera
P113,Jason Foster
P114,Janice Johnson
P115,Lori Mason
P116,Willie Hamilton
P117,Samuel Simpson
P118,Alec Burke
P119,Benjamin Salas
P120,Anthony Bell
P121,Cory Diaz
P122,Thomas Stephens
P123,Mr. John Russell PhD
P124,Daniel Bailey
P125,Jean Patel
P126,Heather Harper
P127,Janet Fitzgerald
P128,Kimberly Swanson
P129,Zachary Newton
P130,Brandi Parrish
P131,Lori Christian
P132,Kimberly Baker
P133,Kevin Evans
P134,Brandi Davis
P135,Matthew Bradley
P136,Kimberly Gamble
P137,Edward Harmon
P138,Alexis Livingston
P139,April Rich
P140,Stephen Keith
P141,Adam Johns
P142,Roberta Stanley
P143,James Davis
P144,Molly Powell
P145,Ronald Davis
P146,Melissa Williams
P147,Patricia Freeman
P148,Charles Taylor
P149,Mr. Craig Jones
P150,Sean Salazar
P151,Stephanie Martin
P152,Tommy Mathews
P153,Ashley Johnson
P154,Maria Melendez
P155,Greg Griffith
P156,Christy Oliver
P157,Marc Gonzales
P158,Brandon Rogers
P159,Tracy Smith
P160,Lucas Smith
P161,Michael Evans
P162,Danielle Greene
P163,Debra Scott
P164,Ryan Harris
P165,Juan Cohen
P166,Andrew Ramirez
P167,Miranda Moore
P168,Tiffany Thomas
P169,Joseph Shaw
P170,Anthony Simmons
P171,Christopher Smith
P172,Sonya Hernandez
P173,Randy Rojas
P174,Kimberly Davis
P175,Patricia Gonzales
P176,Nancy Grant
P177,Matthew Hayes
P178,Jason Benjamin
P179,Daisy Spencer
P180,Phillip Bridges
P181,Andrea Maynard
P182,Savannah Forbes
P183,Nancy Silva
P184,Stephanie Brown
P185,Robert Welch
P186,Bradley Chaney
P187,Antonio Mccullough
P188,Shelby Bates
P189,Ernest Guerrero
P190,Kim Johnson
P191,Jason Thompson
P192,Kenneth Davis
P193,Timothy Bennett
P194,Scott Olsen
P195,Karen Moore
P196,Colleen Johnson
P197,Joyce Williamson
P198,Cole Acevedo
P199,Juan Harris
P200,Jill Carson
P201,Teresa Rodriguez
P202,Bethany Wood
P203,Natasha Peterson
P204,Valerie Guerrero
P205,Cindy Kelly
P206,Katherine Smith
P207,John Huang
P208,Christina Wong
P209,Steven White
P210,Brian Summers
P211,Amanda Lopez
P212,Suzanne Sanders
P213,Mariah James
P214,Heidi Edwards
P215,Stacey Oneill
P216,Elizabeth Lambert
P217,Christopher Griffin
P218,Francisco Phillips
P219,Elizabeth Hinton
P220,Sydney Christensen
P221,Paula Smith
P222,Dennis Brooks
P223,Mary Atkinson
P224,Laura Wall
P225,Ricky Smith
P226,Chelsea Webster
P227,Christine Campbell
P228,Andrew Huffman
P229,Edwin Buchanan
P230,Mark Hardy
P231,Emily Clayton
P232,Caitlin Gonzalez
P233,Michelle Andrews
P234,Tamara Hamilton
P235,Terry Banks
P236,Samantha Cummings
P237,Richard Mccormick
P238,Kevin Wells
P239,Devin Moody
P240,Austin Rodgers
P241,Jill Guzman
P242,Kayla Cook
P243,Cody Shaw
P244,Keith Wood
P245,Annette Smith
P246,Samantha Moore
P247,James Wood
P248,David Garner
P249,Chelsea Duffy
P250,Brittany Roth
P251,Margaret Myers
P252,Brian Davis
P253,Michael Williams
P254,Tamara Bush
P255,William Ford
P256,Ralph Stewart
P257,Breanna Roach
P258,Collin Downs
P259,Joshua Grant
P260,Kara Jackson
P261,Brandon Leonard
P262,Melinda Avila
P263,Vanessa Washington
P264,Corey Smith
P265,Renee Rowland
P266,Joshua Smith
P267,Alicia Stephenson
P268,Douglas Moody
P269,Michele Roy
P270,Donna Flores
P271,Joshua Higgins
P272,Cynthia Atkinson
P273,Shelley Dominguez
P274,Taylor Roberts
P275,Mr. Matthew Wilson II
P276,Michelle Gross
P277,Kelly Fleming
P278,Angel Chavez
P279,Angel Sullivan
P280,Jonathan Cross
P281,Megan Carpenter
P282,Michael Burton
P283,Felicia Taylor
P284,Oscar Oliver
P285,Cameron Mann
P286,Paula Phillips
P287,Mr. David Padilla MD
P288,Cassandra Cordova
P289,Rhonda Sullivan
P290,Kellie Thomas
P291,Erik Vincent
P292,Zachary Molina Jr.
P293,Elizabeth Hicks
P294,William Martinez
P295,Sarah Frank
P296,Gregory Bishop
P297,Tiffany Foster
P298,Michael Chavez
P299,James Fernandez
P300,Micheal Pacheco
P301,Kimberly Carter
P302,Bradley Little
P303,Patricia Fitzpatrick
P304,Linda Bruce
P305,Victoria Bennett
P306,James Hobbs
P307,Kathleen Warren
P308,Allen King
P309,Stephanie Ellis
P310,James Medina
P311,Gregory Clay
P312,Daniel Mcbride
P313,Ann Armstrong
P314,Angelica Valdez
P315,Lisa Martin
P316,Andrew Robinson
P317,Patrick Marshall
P318,Savannah Smith
P319,Bonnie Wong
P320,Danielle Cook
P321,Shawn Graham MD
P322,Amy Mclean
P323,Aaron Carlson
P324,Sherry Bridges
P325,Roberto Sanchez
P326,Joseph Cowan
P327,Alan Hicks
P328,Tracy Hoffman
P329,Kevin Cole
P330,Timothy Rodriguez
P331,Kenneth Lyons
P332,Amber Wade
P333,Christina Merritt
P334,Eric Young
P335,Randall Holloway
P336,Daniel Davis
P337,Rachel Vazquez
P338,Brian Phillips
P339,Amber Fitzpatrick
P340,Jonathan Rodriguez
P341,Anna Martin
P342,Kelly Oconnor
P343,Morgan Hammond
P344,Melissa Velez
P345,Christopher Hoffman
P346,Joshua Brown
P347,Charles Turner
P348,Adam Foster
P349,Joe Arellano
P350,Darlene Hardin
P351,Tonya Chang
P352,Aaron Tapia
P353,Ethan Camacho
P354,Shirley Moreno
P355,Hector Richmond
P356,Chelsea Gilbert
P357,Elizabeth Carlson
P358,Richard French
P359,Dr. Michelle Shelton
P360,David Burch
P361,Amber Smith
P362,Stacey Anderson
P363,Michelle Edwards
P364,Julie Lopez MD
P365,David Johnson
P366,Amy Walker
P367,Paul Edwards
P368,Angelica White
P369,Brian Perry
P370,Barbara Cox
P371,Sarah Richardson
P372,Matthew Webb
P373,George Olson
P374,Jane Gamble
P375,Jonathan Miller
P376,Natalie Sanchez
P377,Alexander Garcia
P378,Cheryl Howard
P379,Steven Patel
P380,Carl Martinez
P381,Tim Kim
P382,Robert Hester
P383,Brandon Rivera
P384,Deborah Sweeney
P385,Joanne Hernandez
P386,Sara Jackson
P387,Casey Brown
P388,Angela Woods
P389,David Bridges
P390,Aimee Gibson
P391,Daniel Charles
P392,Bernard Harris
P393,Mark Pierce
P394,Katherine Caldwell
P395,Lawrence Richardson
P396,Patricia Jimenez
P397,Jacqueline Scott
P398,Sharon Williams
P399,Michelle Johnson
P400,Kimberly Cox
P401,Nancy Brown
P402,Joseph Shaffer
P403,Julia Dunn
P404,Karen Townsend
P405,Douglas Gibson
P406,Eric Orozco
P407,Mrs. Debra Ford MD
P408,Steven Williams DDS
P409,Michele Burns
P410,Thomas Porter
P411,Robert Rogers
P412,Edward Holmes
P413,Brenda Whitney
P414,Ann Campbell
P415,Kristi Brewer
P416,Donna Hoffman
P417,Heidi Ramsey
P418,Jared Burton
P419,Tyler Brown
P420,Mr. Jose Foster
P421,Jeremiah Miller
P422,Amanda Oconnell
P423,Gina Sanders
P424,Joseph Walter
P425,Julie Wang
P426,Nicholas Sanford
P427,Lindsey Cook
P428,Jorge Phillips
P429,Richard Gomez
P430,Sara Brown
P431,Vincent Martin
P432,Troy Gutierrez
P433,Diane Keller
P434,Michael Blair II
P435,Alyssa Price
P436,Brian Smith
P437,Michelle Alvarez
P438,Donna Velazquez
P439,Joshua Bradley
P440,Susan Mayer
P441,Jeffrey Villanueva
P442,Ashley Diaz
P443,Darryl Johnson
P444,Samantha Franklin
P445,Mr. Phillip Jarvis
P446,Jason Rios
P447,John Young
P448,Jared Poole
P449,Alyssa Murphy
P450,Dawn Jackson
P451,Michael Hernandez
P452,Paige Wallace
P453,Eric Ramirez
P454,Brooke Miller
P455,Anna Thomas
P456,Lindsay Chambers
P457,Taylor Mendez
P458,Gary Adkins
P459,Jillian Chavez
P460,Melanie Jones
P461,Erika Moore
P462,Stacey Hayes
P463,Andrea Mason
P464,Mitchell Woods
P465,Howard Garcia
P466,Tiffany Burch
P467,Destiny Navarro
P468,Mark Shelton
P469,William Hale
P470,Victor Li
P471,Elizabeth Carr
P472,Jessica Bryant
P473,Crystal Smith
P474,Mrs. Savannah Pineda DDS
P475,Craig Freeman
P476,Steven Walton
P477,Andrea Porter
P478,Sophia Smith
P479,Greg Cook
P480,Mario Mcintosh
P481,Carol Avery
P482,Jasmine Davis
P483,Sherry Tucker
P484,Sonya Conley
P485,Tiffany Carter
P486,Dr. Dylan Kline
P487,Roberta Potter
P488,Andrew Tate
P489,Roberto Walker
P490,Larry Atkins
P491,Christy Jackson
P492,David Ross
P493,Benjamin Smith
P494,Victoria Fields
P495,Kimberly Garcia
P496,Cynthia Johnson
P497,Joel Anderson
P498,Adam Hansen
P499,Susan Small
P500,Marc Shelton
P501,Christopher White
P502,Stephanie Salinas
P503,Kelly Velez
P504,Joan Moran
P505,Richard Avila
P506,Andrew Barber DDS
P507,Tyler Hayes
P508,Ruth Peterson
P509,Lindsey Carpenter
P510,David Haas
P511,Amy Murillo
P512,Brian Davis
P513,Kimberly Hughes
P514,Shelley Gentry
P515,Jeffery Cherry
P516,Kristen Roach
P517,Kevin Jones
P518,Diana Long
P519,Jocelyn Hicks
P520,Carl Beltran
P521,Mary Harris
P522,Kimberly Sanchez
P523,James Huffman
P524,Briana Bowman
P525,David Howard
P526,Pamela Roy
P527,Kelly Davis
P528,Donald Stone
P529,Jenna Cardenas
P530,John Stevens
P531,Mrs. Kimberly Mckenzie
P532,Jeremy Espinoza
P533,Michelle Welch
P534,Tammy Thompson
P535,Diane King
P536,Patricia Kelley
P537,Virginia Russo
P538,Christina Ruiz
P539,Nicole Jackson
P540,Jon Gonzalez
P541,Daniel Olsen
P542,Mr. Geoffrey Clark
P543,Janice Mcdowell
P544,Nathan Roberts
P545,Ronald Robinson
P546,James Cisneros
P547,Cindy Gay
P548,Brent Gonzales
P549,Mary Cervantes
P550,Robert Torres
P551,Samuel Mckenzie
P552,Kristina Campbell
P553,Brett Yang
P554,Brian Armstrong
P555,Robert Bradley
P556,Caitlyn Burton
P557,Kelly Beck
P558,Daniel Reyes
P559,Ashley Warren
P560,Deborah Frank
P561,Teresa Klein
P562,Jaime Green
P563,Billy Brandt
P564,Dennis Jones
P565,Robin Lee
P566,James Miller
P567,Courtney Flores
P568,Cynthia Benson
P569,Jesus Johnson
P570,Natalie Carter
P571,Deborah Jackson
P572,Brenda Kane
P573,Caitlyn Chapman
P574,Madison Rosales
P575,Patrick Avila
P576,Caitlin Dalton
P577,Kevin Martin
P578,Kristina Howard
P579,Tracey Green
P580,Billy Jackson
P581,Daniel Baker
P582,Zachary Thomas
P583,Dennis Berry
P584,David Pena
P585,Jenna Cruz
P586,Melissa Ortiz MD
P587,Nicholas Lee
P588,Michelle Bailey
P589,Scott Rivas
P590,Benjamin Tate
P591,Gilbert Mendoza
P592,Derek Hernandez
P593,Katherine Peters
P594,Jennifer Sullivan
P595,James Zuniga
P596,Kenneth Clark
P597,Cynthia Young
P598,Stephen Livingston
P599,Billy Davis
P600,Albert Sanders
P601,Virginia Cooper
P602,Brandon Peck
P603,Alexander Perry
P604,Sean Berry
P605,Diana Gregory
P606,Carrie Castaneda
P607,Kyle Hall
P608,Traci Simon
P609,Timothy Alvarado
P610,Kristy Horton
P611,Janice Williams
P612,Brenda Crosby
P613,Robin Lambert
P614,Dr. Lori Conner
P615,Jade Rich
P616,Victoria Johnson
P617,William Smith DDS
P618,Thomas Shelton
P619,Kevin Gordon
P620,Zachary Conner
P621,Ryan Lozano
P622,Gloria Miller
P623,Gregory Shaw
P624,Ronald Ford
P625,Christina Morrison
P626,Nicholas Beltran
P627,Michael Medina
P628,Ronald Nash
P629,Gregory Williamson
P630,April Cannon
P631,Steven Christensen
P632,Johnathan Parker
P633,Michael Horton
P634,Michelle Henry
P635,Erica Gray
P636,Stuart Johnson
P637,Chad Knox
P638,Dr. Edwin Rice
P639,Heather Rodriguez
P640,Anita Navarro
P641,Barbara Kirk
P642,Nathan Young
P643,Stephanie Wiley
P644,Mark Perkins
P645,William Murphy
P646,Laura Lawson
P647,Monica Chase
P648,Heather Bailey
P649,Heather Pearson
P650,Andres Mccarthy
P651,Joseph Case
P652,Kayla Jones
P653,Chris Graham
P654,Nathan Simmons
P655,Marcus Smith
P656,Austin Garcia
P657,Angela Norris
P658,Natasha Martin
P659,Angela Stone
P660,Erica Brown
P661,Joanne Burke
P662,Jason Howell
P663,Rebecca Gibson
P664,Christopher James
P665,Kimberly Jones
P666,Michael Williams
P667,Dawn Frank
P668,Kenneth Mann
P669,Kenneth Buck
P670,Hunter Bradley
P671,Phillip Nunez
P672,Dawn Marshall
P673,Mary Gray
P674,Gregory Walters
P675,Manuel Anderson
P676,Gina Smith
P677,Anthony Ramsey
P678,Robert Baxter
P679,Spencer Brooks
P680,James Welch
P681,Ruben Wood
P682,Jon Hunter
P683,Ashley Woodard
P684,Pamela Palmer
P685,Krystal Ramirez
P686,Brian Cole
P687,Catherine Barron
P688,Deborah Joseph
P689,Michael Shepard
P690,Jessica May
P691,Mr. Robert Roberts
P692,Sergio Pena
P693,Catherine Perez
P694,Charles Duncan
P695,Mary Walker
P696,Matthew Williams
P697,Amanda Petty
P698,Preston Gonzalez
P699,Jacob Suarez
P700,Robert Greene
P701,Samantha Martin
P702,Karen Williamson
P703,Randy Castro
P704,Michael Clark
P705,Michelle Fischer
P706,Jeanette Elliott
P707,Kelly Jones
P708,Benjamin Hoffman
P709,William Cain
P710,Joseph Austin
P711,Kaitlyn Chan
P712,Samuel Robertson
P713,Troy Long
P714,Jordan Jenkins
P715,Michael Kirk
P716,Ryan Lawrence
P717,Jocelyn Martin
P718,Caleb Cummings
P719,David West
P720,Chloe Dickerson
P721,Emily Williams
P722,Vicki Juarez
P723,Yolanda Bennett
P724,Susan Jackson
P725,Ryan Adams
P726,Jessica Lee
P727,Harold Vargas
P728,Jordan Grant
P729,Jon Lyons
P730,John Williams
P731,Anthony Horton
P732,Jason Byrd
P733,Lindsey Benjamin
P734,Sean Newman
P735,Kenneth Jones
P736,Monica Allen
P737,Kathleen Glass
P738,Lauren Myers
P739,Elizabeth Chaney
P740,Mr. Brian Duran
P741,Shannon Howard
P742,Andrew Hodge
P743,Thomas Richards
P744,Brian Griffin
P745,Katie White
P746,Shannon Bryant
P747,John Clark
P748,Kyle Walker
P749,Kayla Cummings
P750,Jorge Leon
P751,Jon Stevens
P752,Crystal Hernandez
P753,Tyler Noble
P754,Reginald Bell
P755,Natasha Ellis DDS
P756,Renee Salinas
P757,Melissa Jones
P758,Tyrone Trevino
P759,Ms. Patricia Guerrero
P760,Brittany Steele
P761,Patrick Pitts
P762,Daisy Snow
P763,Danielle Cameron
P764,Jonathan Wheeler
P765,Zachary Perez
P766,George Clayton
P767,Stephanie Jenkins
P768,Daniel Rojas
P769,Dennis Bowman
P770,Christopher Levy
P771,Kyle Walker
P772,Christopher Contreras
P773,Amanda Cummings
P774,Miguel Sparks
P775,Jennifer Barrett
P776,Joshua Klein
P777,Bradley Rodriguez
P778,Nicole Salas
P779,Melissa Collins
P780,Monique Wang DDS
P781,Ashley Grant
P782,Cody Hughes
P783,Ricardo Anderson
P784,Gabriel Bryant
P785,Ryan Gilmore
P786,Daniel Cochran
P787,Mark Kramer
P788,Kevin Johnson
P789,Crystal Sullivan
P790,Madison Wang
P791,Jim Brown
P792,Amber Simpson
P793,Christopher Santiago
P794,Mr. Michael Berg
P795,Chelsea Cross
P796,Thomas Fischer
P797,Karen Lozano
P798,Sarah Sullivan
P799,Eric Harvey
P800,Jerry Matthews
P801,Connie Richards
P802,Erik Whitaker
P803,Emma Green
P804,Evan Dixon DDS
P805,Julie Vasquez
P806,Sandra Wolf
P807,Aaron Ibarra
P808,Elizabeth Bowers
P809,Maria Ware
P810,James Stein
P811,Kevin Barr
P812,Amber Smith
P813,Paul Smith
P814,Nathaniel Scott
P815,Caroline Allen
P816,Alexandria Orozco
P817,Lindsay Barton
P818,Emily Knox
P819,Sandy Aguirre
P820,Faith Kaufman MD
P821,Rachel Thompson
P822,Allison Rios
P823,Joyce Harrington
P824,Michele Sims
P825,Jose Wilson
P826,Jacob Scott
P827,Lance Barnes
P828,Arthur Mitchell
P829,Alexandra Brown
P830,Alexander Green
P831,Kristy Austin
P832,Sabrina Davis
P833,Ronald Phillips
P834,Tonya Rodriguez
P835,Anna Daniels
P836,James Foster
P837,Ray Lee
P838,Jessica Young
P839,Richard Patterson
P840,Elizabeth Stone
P841,Brett Pena
P842,Amanda Martinez
P843,Michael Sullivan
P844,David Boyd
P845,Kelly Pearson
P846,Lisa Johnson
P847,Patrick Martinez
P848,Martha Lopez
P849,Adrian Allen
P850,Jamie Duffy
P851,Yesenia Murphy MD
P852,John Baker
P853,Jordan Oliver
P854,Victoria Weaver
P855,April Austin
P856,Alison Yu
P857,John Suarez
P858,John Barker
P859,Kristen Smith
P860,Bobby Moreno
P861,Shane Hurley
P862,Angela Wyatt
P863,Joel Wright
P864,Kevin Snyder
P865,Luis Cruz
P866,Joseph Woods
P867,Victoria Jefferson
P868,Stephanie Spears
P869,David Gibson
P870,Alexander Costa
P871,Austin Richardson
P872,Gregory Lewis
P873,John Gonzalez
P874,Ruth Reyes
P875,Cody Cruz
P876,Samantha Joyce
P877,Jill Huffman
P878,Peter Erickson
P879,Theodore Barry
P880,Wesley King
P881,Juan Morris
P882,Stephen Pearson
P883,Julie Villa
P884,Matthew Hays
P885,Kathy Kramer
P886,Elizabeth Parsons
P887,Ashley Sexton
P888,Frank Buchanan
P889,Corey Stewart
P890,Mathew Williams
P891,Linda Hammond
P892,Donald Flores
P893,Megan Mitchell
P894,Raymond Carter
P895,Christopher Lucas
P896,Chelsea Franklin
P897,Melissa Green
P898,Danielle Proctor
P899,Miss Kelly Huffman
P900,John Villa
P901,Michael Martin
P902,Michael Miller
P903,Jamie Mcguire
P904,Sarah Miller
P905,Ronald Williams
P906,Michelle Taylor
P907,Lindsey Green
P908,Claudia Perry
P909,Emily Krause
P910,Levi Gonzalez
P911,Jessica Gonzales
P912,Molly Walker
P913,Melissa Ramos
P914,Alicia Neal
P915,Lisa Smith MD
P916,Bonnie Cordova
P917,Pamela Salinas
P918,Joann Taylor
P919,Carlos Mason
P920,Edward Camacho
P921,Brandon Williams
P922,Charles Sweeney
P923,Heidi Johnson
P924,Mary Edwards
P925,Angela Simpson
P926,Anna Brown
P927,Paula Wade
P928,Carolyn Terry
P929,Morgan Gonzalez
P930,Lori Andrade
P931,Jennifer Travis
P932,Brenda Long
P933,Maria Thomas
P934,Brian James
P935,Andrew Marshall
P936,Diane Lawson
P937,Kayla Jones
P938,Gary Carson
P939,April Robinson
P940,Wanda Brown
P941,Michael Murphy
P942,Jessica Francis
P943,Laura Sutton MD
P944,Susan Reynolds
P945,Derek Allen
P946,Mallory Williams
P947,Mark Lyons
P948,Shane Morgan
P949,Rick Livingston
P950,Amy Brown
P951,Jessica Phelps
P952,Katherine Carlson
P953,Wyatt White
P954,Richard Lee
P955,April Holloway
P956,Anna Ross
P957,Samantha Garcia
P958,John Conner
P959,Bryan Stone
P960,Katherine Barnes
P961,Kenneth Brewer
P962,Donald Lara
P963,Heather Powers
P964,Elizabeth Johnson
P965,Darlene Pearson
P966,Kristen Kline
P967,Jennifer Jefferson
P968,Katherine Nicholson
P969,Megan Barr
P970,Erica Williams
P971,Dominique Green
P972,Jeremy Smith
P973,Sandra Williams
P974,Perry James
P975,Amy Garza
P976,Megan Richmond
P977,Raymond Hayes
P978,Kelly Whitehead
P979,Kyle Peterson
P980,Keith Burke
P981,Peter Craig
P982,Randy Miller
P983,Rebecca Mathews
P984,Thomas Bolton
P985,Patricia Hutchinson
P986,Michael Peters
P987,Diana Walker
P988,Andre Gonzales
P989,Samantha Munoz
P990,Mandy Davies
P991,Brittany Lang
P992,Emily Scott
P993,Kendra Gould
P994,Michael Nelson
P995,Christopher Keller
P996,Michael Combs
P997,Rebekah Taylor
P998,Leslie Strickland
P999,Robyn Reilly
P1000,Janice Phillips
P1001,Michael Lawson
P1002,James Welch
P1003,Nicole Cervantes
P1004,Allen Underwood
P1005,Daniel Lowe
P1006,Nicholas Sanchez
P1007,Douglas Smith
P1008,Richard Acosta
P1009,Richard Brown
P1010,Cynthia Rodriguez
P1011,Henry Moore
P1012,Robert Cruz
P1013,Jon Freeman
P1014,Richard Gonzalez
P1015,Alan Lang
P1016,Molly Stanley
P1017,Jonathan Johnson
P1018,Jason Ortiz
P1019,Edward Sandoval
P1020,Holly Bishop
P1021,Cameron Wilson
P1022,Gregory Carrillo
P1023,Elizabeth Mcconnell
P1024,Maria Thompson
P1025,Linda Riley
P1026,Patrick Williams
P1027,Misty Molina
P1028,John Hernandez
P1029,Jaclyn Fletcher
P1030,Laura Miller
P1031,Terry Webster
P1032,David Miller
P1033,Misty Jennings
P1034,Richard Shah
P1035,Laura Brown
P1036,Nicole Roberts
P1037,Mark Kim
P1038,Jesse Gamble
P1039,Martha Collins
P1040,Brittney Cross
P1041,Kaitlin Williams
P1042,Michael Burton
P1043,Ashley House
P1044,Ryan Bell
P1045,Michael Cameron
P1046,Christopher Morgan
P1047,Eric Ballard
P1048,Sean Flynn
P1049,Evan Richardson
P1050,Molly Curtis
P1051,Erika Mendez
P1052,Amanda Barr
P1053,Shaun Harrington
P1054,Ryan Mcdonald
P1055,Jeffrey Smith
P1056,Angela Melton
P1057,Randall Coleman
P1058,Rachel Adkins
P1059,Rodney Sanchez
P1060,Jonathan Rivera
P1061,Timothy Guerra
P1062,Michael Ramirez
P1063,Joshua Rodriguez
P1064,Samantha Davis
P1065,Frank Larsen
P1066,Theresa Sims
P1067,Francisco Adams
P1068,Nicole Humphrey
P1069,Jason Arnold
P1070,Lori Dyer
P1071,Christina Fitzgerald
P1072,Nicole Bowman
P1073,Michael Bullock
P1074,Jose Lawson
P1075,Robert Walker
P1076,Joe Johnson
P1077,Anthony Perez
P1078,Joseph Herrera
P1079,Nicole Johnston
P1080,Gabriel Sullivan
P1081,Veronica Rivera
P1082,Maria Weaver
P1083,Whitney Fuller
P1084,Andrew Johnson
P1085,Ann Landry
P1086,John Sanders
P1087,Deborah Raymond
P1088,Crystal Ross
P1089,Dana Wade
P1090,Angel Anderson PhD
P1091,Scott Morse
P1092,Susan Richardson
P1093,Christopher Miller
P1094,Christopher Harrison
P1095,Henry Nelson
P1096,Mr. Joseph Petty
P1097,Janet Bush
P1098,Philip Foster
P1099,Tina Williams
P1100,Steven Wright
P1101,Robin Terrell
P1102,Kathryn Williams
P1103,Amber Ruiz
P1104,Sarah Holden
P1105,Crystal Hunter
P1106,Michael Cruz
P1107,Tracy Patrick
P1108,Suzanne Wilkinson
P1109,Bruce Edwards
P1110,Jeffrey Wilson
P1111,Teresa Palmer
P1112,Tyrone Webb
P1113,Elizabeth Ortiz
P1114,Vincent Palmer
P1115,Sheila Golden
P1116,Lynn Wells
P1117,John Hunter
P1118,Micheal Salazar
P1119,Lisa Dickerson
P1120,Adam Oneal
P1121,Michael Riley
P1122,Samantha Pena
P1123,Jason Sanders
P1124,Angela Greer
P1125,Antonio Daugherty
P1126,Amy Chung
P1127,Peter Miller
P1128,Lisa Stone
P1129,Vincent Smith
P1130,Christopher Scott
P1131,Jon Elliott
P1132,Theresa Payne
P1133,Mario Smith
P1134,Melinda Turner
P1135,John Stephens
P1136,Lauren Booth
P1137,Marvin Cohen
P1138,Logan Clark
P1139,Heather Lee
P1140,Rebecca Thompson
P1141,Eric Miller
P1142,Sharon Schneider
P1143,Taylor Sawyer
P1144,Mrs. Rebecca Martinez MD
P1145,Timothy Henderson DDS
P1146,Linda Anderson
P1147,Peter Mccarty
P1148,Christopher Whitaker
P1149,Marie Sanchez
P1150,David Duran
P1151,David Williams
P1152,Terri Davis
P1153,Teresa Davis
P1154,Collin Wood
P1155,Bruce Potts
P1156,Connor Austin
P1157,Aaron Price
P1158,Joan Weaver
P1159,William Vaughn
P1160,Clayton Johnson
P1161,Charles Francis
P1162,Anna Burns
P1163,Ryan Sanders
P1164,Cameron Lopez
P1165,Billy Reed
P1166,Cynthia Miller
P1167,Elizabeth Jennings
P1168,Charles Allen
P1169,Terri Daniel
P1170,Emily Turner
P1171,Lauren Smith
P1172,Jessica Miller
P1173,Christopher Roberts
P1174,Seth Russell
P1175,Joshua Flynn
P1176,Dennis Lindsey
P1177,Alison Collins
P1178,Maria Buchanan
P1179,Sylvia Perry
P1180,Brenda Fowler
P1181,Stephanie Hernandez
P1182,Michael Mcdonald
P1183,William Drake
P1184,Jasmine May
P1185,Daniel Crawford
P1186,Jessica Williams
P1187,Erica Schmidt
P1188,Jose Schroeder
P1189,Samantha Johnson
P1190,Teresa Crawford
P1191,Megan Evans
P1192,Richard Green
P1193,Johnny Perez
P1194,Carolyn Vincent
P1195,Mrs. Susan Mitchell
P1196,Dana Pineda
P1197,Lori Myers
P1198,Debra Turner
P1199,Edward Hernandez
P1200,Kyle Potter
P1201,Craig Martin
P1202,Angela Elliott
P1203,Dr. Michael Bartlett DDS
P1204,Krista Walker
P1205,Elizabeth Robinson
P1206,Michael Morales
P1207,Alexis Wong
P1208,Brian Williams
P1209,Melissa Calderon
P1210,Andrea Whitehead
P1211,Leslie Thompson
P1212,Raven Smith
P1213,Philip Brooks
P1214,Ellen Griffith
P1215,Clifford Mckay
P1216,Brittany Adams
P1217,Melissa Roy
P1218,Angelica Baker
P1219,Angela Woods
P1220,Jennifer Wright
P1221,Troy Cooper
P1222,Shane Thompson
P1223,Jeremy Gross
P1224,Lisa Matthews
P1225,William Mason
P1226,Jessica Garcia
P1227,Sarah Palmer DVM
P1228,Cameron Gonzalez
P1229,Brian Walker
P1230,George Walker
P1231,Katelyn Flores
P1232,Joshua Blake
P1233,Amanda Hall
P1234,Jeffery Smith
P1235,Mark Henderson
P1236,Mary Willis
P1237,Cathy Martinez
P1238,Gregory Barrett
P1239,Joseph Rodriguez
P1240,Travis Mann
P1241,John Brown
P1242,Samuel Watkins
P1243,Brian Cooper
P1244,Sergio Robertson
P1245,William Smith
P1246,Gregory Long
P1247,Stephanie Chapman
P1248,Gwendolyn Sherman
P1249,Joseph Hughes
P1250,Thomas Smith
P1251,Jacqueline Nash
P1252,Robert Callahan
P1253,Sarah Navarro
P1254,Keith Ellison
P1255,Patricia Santos
P1256,Scott Brown
P1257,Annette Nelson
P1258,Tracy Adams
P1259,Amy Frost
P1260,Ashley Smith
P1261,Christopher Reyes
P1262,Krystal Martinez
P1263,Jonathan Watts
P1264,Geoffrey Hughes
P1265,Samantha Turner
P1266,Laura Palmer
P1267,Dr. Adrian Lindsey
P1268,Aaron Young
P1269,Sandra Morse
P1270,Deborah Chambers
P1271,John Rios
P1272,Mary Robinson
P1273,Dr. Brenda Berry
P1274,Jacqueline Hendrix
P1275,Dawn Newton
P1276,Ryan Avila
P1277,Jennifer Hughes
P1278,Michael Zimmerman
P1279,Andrea Holmes
P1280,Robert Johnson
P1281,James West MD
P1282,Zachary Wilson
P1283,William Dougherty
P1284,Brenda Phillips
P1285,Angela Griffin
P1286,Reginald Brooks
P1287,Andrea Landry
P1288,Travis Nelson
P1289,Michael Diaz
P1290,Gregg Martin
P1291,Jessica Arias
P1292,Judy Gonzalez
P1293,Julie Edwards
P1294,Matthew Moses
P1295,James Mitchell
P1296,Patricia Hooper
P1297,Tracy Johnston
P1298,John Miller
P1299,Dennis Shannon
P1300,Shannon Butler
P1301,Richard Hampton
P1302,Meagan Hernandez
P1303,Kevin Bennett
P1304,David Downs
P1305,Joshua Holmes
P1306,Michelle Anderson
P1307,Travis Castillo
P1308,Eric Martinez
P1309,Kyle Fox
P1310,Larry Fry
P1311,Amanda Williams
P1312,Sonya Garcia
P1313,Loretta Friedman
P1314,James Jennings
P1315,Angela Hardy
P1316,Alexander Walsh
P1317,Richard Daniels
P1318,Derek Becker MD
P1319,Leon Mann
P1320,Bobby Russo
P1321,Jasmine Ayala
P1322,Krystal Diaz
P1323,William Williams
P1324,Nicholas Evans
P1325,Robert Johnson
P1326,James Bryant
P1327,Paul Rogers
P1328,Linda Padilla
P1329,Andrew Wyatt
P1330,Brandon Stevenson
P1331,Todd Garner
P1332,Joseph Velasquez
P1333,Miss Marisa Bentley DVM
P1334,Jessica Phillips
P1335,Tracey Benson
P1336,Emily Schmidt
P1337,Jennifer Todd
P1338,Stephen Joyce
P1339,Patrick Smith
P1340,Daniel Hoffman
P1341,Dr. Ethan Hammond MD
P1342,Anna Herrera
P1343,Dana Holden
P1344,William Smith
P1345,Nancy Gutierrez
P1346,Anna Ray
P1347,Ryan Aguilar
P1348,Lisa Jackson
P1349,William Mathews
P1350,Jennifer Gomez
P1351,Steven Cherry
P1352,Kathleen Perez
P1353,Ernest White
P1354,Hayley Owens
P1355,David Benson
P1356,Joseph Schroeder
P1357,Hannah Hill
P1358,Phillip Hernandez
P1359,Matthew Baker
P1360,Mark Kelley
P1361,Kristen Stephens
P1362,William Trujillo
P1363,Richard Kidd
P1364,William Garcia
P1365,Matthew Rose
P1366,Joshua Morales
P1367,Jeffrey Sanchez
P1368,Stephen King Jr.
P1369,Laura Bennett
P1370,Jaclyn Meadows
P1371,Nicole Hunter
P1372,Donna Stevens
P1373,Haley Sanchez
P1374,Dustin Lozano
P1375,Taylor Howell
P1376,Nathan Thompson
P1377,James Lopez
P1378,Jeremy Herman
P1379,Shari Hill MD
P1380,Stephanie Turner
P1381,Michael Hall
P1382,Ms. Judith Franklin
P1383,David Franco
P1384,Lisa Jackson
P1385,Jennifer Jimenez
P1386,Jason Whitney
P1387,Meagan Chase
P1388,Joshua Jones
P1389,Rachel Johnson
P1390,John Freeman
P1391,Timothy Harris
P1392,Matthew Walker
P1393,Billy Harding
P1394,Debra Thompson
P1395,James Payne
P1396,Kimberly Parker
P1397,Tony Herrera
P1398,Vanessa Woods
P1399,Scott Solis
P1400,Jill Perez
P1401,Michael Hicks
P1402,Nicholas Hernandez
P1403,David Brown
P1404,Jimmy Yu
P1405,Sara Roberts
P1406,Jocelyn Carroll
P1407,Jacqueline Potter
P1408,Robert Moore
P1409,Ronald Butler
P1410,Heidi Brown
P1411,Adam Terrell
P1412,Jessica Flores
P1413,Laura Young
P1414,Tina Smith
P1415,Zachary Hood
P1416,Julia Crawford MD
P1417,Allison Andrews
P1418,Thomas Smith
P1419,Steve Wood
P1420,Wendy Coleman
P1421,Sara Lee
P1422,Misty Jones
P1423,Andre Cain
P1424,Kyle Flowers
P1425,Mr. Robert Davis
P1426,Brian Jackson
P1427,Angela Wall
P1428,Maurice Mcfarland
P1429,Robert Green
P1430,Jessica Atkinson
P1431,Jared Cunningham
P1432,Jason Oconnell
P1433,Christine Harris
P1434,Paul Cannon
P1435,Michael Johnson
P1436,Nathaniel Hall
P1437,Steven Cortez
P1438,Derrick Allen
P1439,Sherry Eaton
P1440,Cindy Stone
P1441,Pamela Price
P1442,William Peterson
P1443,Kimberly King
P1444,Kelly Ford
P1445,Courtney Galloway
P1446,Crystal Cooper
P1447,Jason Gonzalez
P1448,Mr. Scott Black MD
P1449,Jessica Eaton
P1450,Kevin Moore
P1451,Thomas Diaz
P1452,Melissa Hartman
P1453,Stacey Scott
P1454,Lisa Barton
P1455,Natalie Murphy
P1456,Leslie Garrison
P1457,Rebecca Mcmillan
P1458,Adam Barnes
P1459,Roberto Hinton
P1460,Tyler Moore
P1461,Kim Bradford
P1462,Michael Carlson
P1463,Sherry Lloyd
P1464,Katie Myers
P1465,Kimberly Nichols
P1466,Drew Mccall
P1467,Heather Avery
P1468,Benjamin Tucker
P1469,Aaron Daniels
P1470,Timothy Hess
P1471,William Knapp
P1472,Jasmine Olson
P1473,Jerry Brown
P1474,Chelsea Blackwell
P1475,Betty Wade
P1476,Troy Murphy
P1477,April Perez
P1478,Heather Sandoval
P1479,Shannon Dennis
P1480,Jason Johnson
P1481,Linda Torres
P1482,Mary Howard DDS
P1483,Holly Perez
P1484,Erica White
P1485,Robert Vazquez
P1486,Sabrina Moody
P1487,Edward Hunt
P1488,Patrick Patterson
P1489,Michael Johnson
P1490,Christine Adams
P1491,Kayla Hammond
P1492,Matthew Dickerson
P1493,Mark Zamora
P1494,Amy Harris
P1495,Ann Fleming
P1496,Jordan Cole
P1497,Rhonda Thomas
P1498,Stephen Greene
P1499,Michael Munoz
P1500,Jill Bauer
P1501,James Perez
P1502,Amanda Myers
P1503,Dawn Middleton
P1504,Steven Burke
P1505,Jennifer Johnson
P1506,Thomas Smith
P1507,Joshua Contreras
P1508,David Graves
P1509,Katherine James
P1510,Dylan Neal
P1511,Ariel Ali
P1512,Chad Johnson
P1513,Erin Lee
P1514,Robert Murphy
P1515,Aaron Bowen
P1516,Richard Erickson
P1517,Hannah White
P1518,Maria Murphy
P1519,Michael Glover
P1520,Michelle Thomas
P1521,Drew Peterson
P1522,Natalie Malone
P1523,Keith Salazar
P1524,Christian Smith
P1525,Ronald Robinson
P1526,Megan Williams
P1527,Alejandro Kim
P1528,Patricia Adams
P1529,Jorge Miller
P1530,Johnathan Peterson
P1531,Alicia White
P1532,Wayne Rodriguez
P1533,Teresa Browning
P1534,Blake Baker
P1535,Courtney Miles
P1536,Leonard Fisher
P1537,Larry Cook
P1538,Christopher Park
P1539,Jonathan Williams
P1540,Teresa Lee
P1541,Matthew Lynn
P1542,Alejandra Jordan
P1543,Jamie Lee
P1544,Lindsey Ryan
P1545,Sandra Chandler
P1546,Edward Schmidt
P1547,Bryan Clay
P1548,Julie Bridges
P1549,Kayla Snyder
P1550,Cynthia Petersen
P1551,Cassandra Palmer
P1552,Jasmine Kim
P1553,Amanda Skinner
P1554,James Martinez
P1555,Brent Thomas
P1556,Jordan Wilson
P1557,Christopher Mcgee
P1558,Robert Johnson
P1559,Alexis Brown
P1560,Bruce Lee
P1561,Gregory Pacheco
P1562,Richard Brooks
P1563,Victoria Gilbert
P1564,Gregory Walker
P1565,Emily Nelson
P1566,Corey Anderson
P1567,Sarah Wood
P1568,Herbert Cox
P1569,Ryan Gonzalez
P1570,Dr. Alan Chen
P1571,William Hoffman
P1572,Melissa Mccarthy
P1573,Alejandro Lewis
P1574,Debra Young
P1575,Joshua Ho
P1576,Michael Goodman
P1577,Bethany Harris
P1578,Samantha Mitchell
P1579,Holly Elliott
P1580,Joseph Church
P1581,Mark Zuniga
P1582,Sheri Marks
P1583,David Gordon
P1584,Christopher Martinez
P1585,Chase Hobbs
P1586,Elizabeth Jones
P1587,Aaron Huber
P1588,Brittany Jackson
P1589,Kevin Valencia
P1590,Evan Barber
P1591,Donna Campbell
P1592,Daniel Mitchell
P1593,Charles Davenport
P1594,Taylor Collins
P1595,Frank Wright
P1596,Jessica Young
P1597,Shawn Nguyen
P1598,Michael Parks
P1599,Mark Solomon
P1600,Katrina Leonard
P1601,Marie Carter
P1602,Ashley Wood
P1603,Scott Adams
P1604,Jason Rodriguez
P1605,John Brown
P1606,Joseph Miller
P1607,Cynthia Scott
P1608,Stephanie Washington
P1609,Curtis Smith
P1610,Jordan Patel
P1611,Tony Gallagher
P1612,Jeremy Perez
P1613,Beth Johnson
P1614,Joan Larson
P1615,Kristen Tucker DVM
P1616,Rachel Green
P1617,Cynthia Lee
P1618,Kelli Fleming
P1619,Nicole Nelson
P1620,Corey Brown
P1621,Brandon Reid
P1622,Mr. James Smith
P1623,David Mills
P1624,Erin Scott
P1625,Lisa Sanchez
P1626,Jessica Whitney
P1627,Elizabeth Matthews
P1628,Nancy Richardson
P1629,Mary Cox
P1630,Christopher Jones
P1631,Jamie Brown
P1632,Maria Porter
P1633,Dan Higgins
P1634,Angelica Walters
P1635,Rachel Phillips
P1636,Joan Munoz
P1637,Rachel Kim
P1638,Jonathan Henderson
P1639,Katherine Cardenas
P1640,Justin Blanchard
P1641,David Garcia
P1642,Kim Young
P1643,Stephanie Cox
P1644,William Mckenzie
P1645,Annette Bell
P1646,Melissa Walker
P1647,Ruth Anderson
P1648,Mr. Zachary Salazar
P1649,Janet Sanders
P1650,Mr. Richard Weiss
P1651,Allen Rodriguez
P1652,Shawna Ibarra
P1653,Dawn Chavez
P1654,Shane Williams
P1655,Robert Clark
P1656,Todd Leon
P1657,Lisa Rogers
P1658,Todd Hodge
P1659,Samantha Hansen
P1660,Gabrielle Gamble
P1661,William Johnson
P1662,Joshua Johnson
P1663,Stephanie Turner
P1664,Lauren Wilson
P1665,Richard Baker
P1666,Erik Dunn
P1667,Whitney Ellis
P1668,Michael Carr
P1669,Christopher Turner
P1670,Jennifer Stevens
P1671,Robert Ruiz
P1672,Renee Mitchell
P1673,Sharon Hardy
P1674,Matthew Duffy
P1675,Amanda Gomez
P1676,Steven Lamb
P1677,Ruth Pennington
P1678,Phillip Kane
P1679,Sean Richardson
P1680,Blake Davis
P1681,William Vega
P1682,Amber Lopez
P1683,Michael Walker
P1684,Mallory Lozano
P1685,Carla Mcgee
P1686,Kenneth Newman
P1687,Terry Blake
P1688,Alexis Lawson
P1689,Traci Allen
P1690,Tyler Garcia
P1691,Benjamin George
P1692,Tammy Chen
P1693,Patrick Moss
P1694,Lori Roberts
P1695,Joshua Smith
P1696,Eric Taylor
P1697,Linda Sanders MD
P1698,Tiffany Ryan
P1699,Christopher Escobar
P1700,Dr. Patricia Torres DDS
P1701,Christina Carter
P1702,Brittany Ramos
P1703,David Wall
P1704,Douglas Hood
P1705,Daniel Adams
P1706,Victoria Carney
P1707,Katrina Ruiz
P1708,Jonathan Anderson
P1709,Brian Hall
P1710,Gregory Owens
P1711,William Petty
P1712,Patricia Ayala
P1713,Matthew Long
P1714,Kenneth Harrison
P1715,Steven Howell
P1716,Samantha Osborn
P1717,Annette Chandler
P1718,Jennifer Poole
P1719,Debra Dickerson
P1720,Tyler Gonzalez
P1721,Kelly Lindsey
P1722,Stephanie Kelley
P1723,Joseph Fowler
P1724,Timothy Lee
P1725,Morgan Huerta
P1726,Sandra Nelson
P1727,Christina Moore
P1728,Ricardo Page
P1729,Jim Brown DVM
P1730,Monica Jones
P1731,Pamela Barber
P1732,Andrew Miller
P1733,Mitchell Fitzgerald
P1734,Walter Hansen
P1735,Rebecca Sanders
P1736,Caitlin Espinoza
P1737,Jared Jimenez
P1738,Lisa Miles
P1739,Mr. Joshua Gomez
P1740,Nicole Ellis
P1741,Marcus Bush
P1742,Matthew Kim
P1743,David Ferguson
P1744,Christina Shepard
P1745,Christopher Turner
P1746,Isabel Watts
P1747,David Ward
P1748,Mark Cross
P1749,Luis Moore
P1750,Pamela Dean
P1751,Pedro Snyder
P1752,Mike Avery
P1753,Robert Smith
P1754,Kaitlyn Harrison
P1755,Tristan Anderson
P1756,William Parker
P1757,Alexis Sandoval
P1758,Jessica Anderson
P1759,Danielle Craig
P1760,Tiffany Parker
P1761,Susan Hamilton
P1762,John Ferguson
P1763,Robert James
P1764,James Pineda
P1765,Jordan Collins
P1766,Kelly Cox
P1767,Frances Brown
P1768,Zachary Hernandez
P1769,Melissa Morgan
P1770,Grant Jones
P1771,Joanne Alexander
P1772,Shelley Gregory
P1773,Deborah Preston
P1774,Michael Vasquez
P1775,Elizabeth Sanchez
P1776,Juan Perez
P1777,Joseph Miller
P1778,Ryan Griffin
P1779,Roberta Caldwell
P1780,Christine Matthews
P1781,Timothy Ferguson
P1782,James Tate
P1783,Lisa Lee
P1784,Ashley Miller
P1785,Christopher Clarke
P1786,Randy Jones
P1787,Victoria Vaughn
P1788,Justin Reed
P1789,Connie Taylor
P1790,Ellen Lucero
P1791,Luis Villarreal
P1792,Alexis Willis
P1793,Mr. Terrance Salinas
P1794,Charles Gordon
P1795,Richard Jackson
P1796,Barbara Thompson
P1797,Keith Sanchez
P1798,Ricky Cole
P1799,Marissa Michael
P1800,Claudia Hall
P1801,Peter Graham
P1802,Candice Patterson
P1803,Michael Miller
P1804,Danielle Williams
P1805,Jacob Parker
P1806,Ryan Murphy
P1807,Karina Becker
P1808,Katrina Schroeder
P1809,Paula Lee
P1810,Brian Daniels
P1811,Anita Stephens
P1812,Sherry Kennedy
P1813,Amanda Mayer
P1814,Marilyn Bowen
P1815,Melanie Pennington
P1816,John Avila
P1817,Brandi Williams
P1818,Elizabeth Martin
P1819,Monica Glenn
P1820,Danielle Sanders
P1821,William Sutton
P1822,Destiny Hoffman
P1823,Jennifer Park
P1824,Mckenzie Ross
P1825,Jason Romero
P1826,Dana Simon
P1827,Kelly Smith
P1828,Sarah Phillips
P1829,Jay Lawrence
P1830,Teresa Levy
P1831,Michael Diaz
P1832,Stephanie Robertson
P1833,Andrea Miller
P1834,Austin Wallace
P1835,Desiree Thompson
P1836,Donna Deleon
P1837,Barbara Porter
P1838,Cheryl Short
P1839,Bobby Rocha
P1840,Timothy Carlson
P1841,David Schultz
P1842,Vanessa Adkins
P1843,Neil Ramirez
P1844,Tina Frazier
P1845,Mr. Jacob Ramsey DVM
P1846,Laura Williams
P1847,Arthur Mann
P1848,Daisy Hampton
P1849,Karen Green
P1850,Donald Martinez
P1851,Jonathan Roth
P1852,Christopher Fowler
P1853,Deborah Olson
P1854,Shaun Alexander
P1855,Heidi Fleming
P1856,Erin Smith
P1857,Donald Hicks
P1858,Curtis Cole
P1859,Tiffany Simmons
P1860,Tanya Ward
P1861,Nancy Turner
P1862,Rebecca Williams
P1863,John Conley
P1864,Justin Bird
P1865,Christopher Fuentes
P1866,Dennis Vasquez
P1867,Steven Berger
P1868,Norman Alvarado
P1869,Miss Kayla Jones
P1870,Michael Mcgrath
P1871,Stacy Rollins
P1872,Timothy Collier
P1873,Margaret Holland
P1874,Ashlee Adkins
P1875,Kayla Miller
P1876,Pamela Esparza
P1877,Gabriel Santana
P1878,Beth Mendoza
P1879,Amanda Wu
P1880,Jason Vincent
P1881,Kelsey Hall
P1882,Dalton Robinson
P1883,Connie Duncan
P1884,Jose Gibson
P1885,Robert Miller
P1886,Jeffery Humphrey
P1887,Tiffany Gonzales
P1888,Andrew Perry
P1889,Shawn Jennings
P1890,Michele Nelson
P1891,Alice Andrade
P1892,Meghan Jones
P1893,Kelly Richards
P1894,Laura Kelly
P1895,Chelsey Butler
P1896,Jared Harrison
P1897,Kathryn Rogers
P1898,Angel Walls
P1899,Sara Stewart
P1900,Steven Sloan
P1901,Catherine Phelps
P1902,Jaclyn Mcfarland
P1903,Emily Whitehead
P1904,Brandi Sellers
P1905,Christopher Jones
P1906,Denise Jones
P1907,Terry Flores
P1908,Kevin Graves
P1909,Thomas Butler
P1910,Mr. Jared Ellis
P1911,Julia Yoder
P1912,Darrell Peterson
P1913,Patrick Hampton
P1914,Dennis Jackson
P1915,Heather Ryan
P1916,Garrett Sanchez
P1917,Zachary Howell
P1918,Jose Richardson
P1919,Jessica Reed
P1920,Christopher Macias
P1921,Linda Collins
P1922,Nicholas Villegas
P1923,Danielle Goodwin
P1924,Paula Ellis
P1925,Andrew Kent
P1926,Dawn Payne
P1927,Elizabeth Love
P1928,Sharon Sanchez
P1929,Erika Young
P1930,Jason Mitchell
P1931,April Butler
P1932,Adam Gardner
P1933,Melissa Meyer
P1934,Kyle Perry
P1935,Marcus Caldwell
P1936,Becky Romero
P1937,Katherine Perez
P1938,Gary Johnston
P1939,Victor Garcia
P1940,Michael Hull
P1941,Lawrence Smith
P1942,Sandra Kelly
P1943,Mary Lane
P1944,Margaret Bowen
P1945,Natalie Dennis
P1946,Martin Olson
P1947,Brett Davis
P1948,Melissa Hawkins
P1949,Tamara Weaver
P1950,Ashley Kaiser
P1951,Ms. Dana Perez
P1952,Andre King
P1953,Chris Rogers
P1954,Charlotte Sullivan
P1955,Patricia Davidson
P1956,Emily Hurst
P1957,Jeffrey Huerta
P1958,Jennifer Hansen
P1959,Ashley Gutierrez
P1960,Sarah Smith
P1961,Laura Wilkerson
P1962,Wendy Bailey
P1963,Melanie Cummings
P1964,Mr. Mark Jenkins
P1965,John Fischer
P1966,Ryan Smith
P1967,Yesenia Edwards
P1968,Sergio Singleton
P1969,Jennifer Smith
P1970,Jennifer King
P1971,Kristen Spencer
P1972,Julia Williams
P1973,Dean Bryan
P1974,Taylor Sharp
P1975,Jeffrey Contreras
P1976,Jordan Campbell
P1977,Elizabeth Mclaughlin
P1978,Troy Fleming
P1979,Jacob Walker PhD
P1980,Bradley Lewis
P1981,Linda Curtis
P1982,Steven Morgan
P1983,Jeffrey Perez
P1984,Kimberly Anderson
P1985,Michael Munoz
P1986,Barbara Hart
P1987,Angela Robinson
P1988,Kimberly Miller
P1989,Jessica Murillo
P1990,Aaron Jones DDS
P1991,Bradley Cox
P1992,John Gallagher
P1993,Kelly Wood
P1994,Trevor Hopkins
P1995,Anna Miller
P1996,Rhonda Scott
P1997,Sharon Bennett
P1998,Dean Hartman
P1999,Michael Hopkins
P2000,Dr. Todd Lynch MD
P2001,Anna Ellis
P2002,Rebecca Holt
P2003,Christopher Foster
P2004,Tracey Campbell
P2005,Michael Small
P2006,Wanda Barnes
P2007,Michael Christian
P2008,Lauren Ryan
P2009,Erin Flores
P2010,Keith Roberts
P2011,Janice Ross
P2012,Matthew Estrada
P2013,Victoria Ward
P2014,Glen Martin
P2015,Nicole White
P2016,Brandon Young
P2017,Brandon Burns
P2018,Jose Tate
P2019,Allison Munoz
P2020,Amy Yoder
P2021,Scott Morales
P2022,Emily Leonard
P2023,Rachel Smith
P2024,Carolyn Harvey
P2025,Jeffrey Perez
P2026,Alex Sanchez
P2027,James Patel
P2028,Anna Martinez
P2029,Nancy Ramos
P2030,Jay Anderson
P2031,Jordan Sawyer
P2032,Greg Peters
P2033,Katelyn Green
P2034,Annette Fuentes
P2035,Shannon Thompson
P2036,Miss Carrie Johnson PhD
P2037,Angel Huber
P2038,Connor Booth Jr.
P2039,Linda Ruiz
P2040,Charles Davis
P2041,Benjamin Erickson
P2042,Mary Gonzales
P2043,Christopher Hartman
P2044,Tracy Powell
P2045,Douglas Soto
P2046,Diana Everett
P2047,Kevin Rose
P2048,Caitlin Moody
P2049,Abigail Rowe
P2050,Eric Gibson
P2051,Kathryn Martinez
P2052,Julia Lloyd
P2053,Daniel Mcintosh
P2054,Timothy Hill
P2055,Leslie Cunningham
P2056,Sarah Bridges
P2057,Margaret Nguyen
P2058,William Collins
P2059,Stacy Davis
P2060,Andrea Lambert
P2061,James Schmidt
P2062,Mark Avila
P2063,Sean Brewer
P2064,William Hall
P2065,Brian Johnson
P2066,Nathaniel Davidson
P2067,Gregory Ramirez
P2068,Joshua Flynn
P2069,Jason Henry
P2070,Randall Middleton
P2071,Julia Figueroa
P2072,Robert Baldwin
P2073,Cassandra Hall
P2074,Molly Mcdowell
P2075,Jennifer Cain
P2076,Cindy Brady
P2077,Joshua Mcbride
P2078,David Miller
P2079,Bruce Moore
P2080,Christopher Bishop
P2081,Kimberly Scott
P2082,Michael Perkins
P2083,Kenneth Anderson
P2084,Chelsea Mccann
P2085,Jessica Gibson
P2086,Elizabeth Choi
P2087,Stacey Peterson
P2088,Kristen Castillo
P2089,Amber Payne
P2090,Kayla Jackson
P2091,Stephanie Hudson
P2092,Steven Anderson
P2093,Thomas Hart
P2094,Michelle Figueroa
P2095,Dr. Robert Butler MD
P2096,Laura Vincent
P2097,Anthony Holt
P2098,Tiffany Travis
P2099,Andrew Wu
P2100,Stephanie Schultz
P2101,Jessica Zamora
P2102,Joel Martin
P2103,Austin James
P2104,Jennifer Martin
P2105,Kenneth Murphy
P2106,Rachel Rhodes
P2107,Brandon Clark
P2108,Joshua Wood
P2109,Mark Becker
P2110,Jake Bennett
P2111,Bruce Alvarez
P2112,John Hamilton
P2113,Kristen Green
P2114,Mariah Fisher
P2115,Sean Schultz
P2116,Raymond Chan
P2117,Alexandria Blake
P2118,Wesley Mason
P2119,Brandon Dodson
P2120,Ebony Berry
P2121,David Dixon
P2122,Lisa Morris
P2123,Ronald Hayes
P2124,Andrea Wilson
P2125,Briana Ford
P2126,Phyllis Chandler
P2127,Scott Saunders
P2128,Kimberly Brown
P2129,Nicole Johnson
P2130,Christopher Buck
P2131,Jerome Hansen
P2132,Denise Flowers
P2133,Matthew Owens
P2134,Theresa Mack
P2135,Morgan Sharp
P2136,Crystal Sweeney
P2137,Jessica Tucker
P2138,Jordan Kemp
P2139,John Ramos
P2140,Billy Townsend
P2141,Ronald Allen
P2142,Patricia Kelly
P2143,Brandy Murillo
P2144,Angela Graham DDS
P2145,Jose Chang
P2146,Charles Turner
P2147,David Mason
P2148,Jordan Clarke
P2149,Dawn Smith
P2150,Maria Morris
P2151,John Pena
P2152,Kim Larson
P2153,Daniel Thomas
P2154,Seth Wheeler
P2155,Tina Hampton
P2156,Megan Moore
P2157,Jane Brown
P2158,Tara Buckley
P2159,Denise Flores
P2160,Adam Lin
P2161,Jennifer Carey
P2162,Alexander Evans
P2163,Eric Fuller
P2164,Luis Hall
P2165,Randall Stevens
P2166,Cathy Howard
P2167,Tamara Garcia
P2168,Barbara Young
P2169,Kristy Vasquez
P2170,Jodi Jones
P2171,Mr. Keith Sanchez
P2172,Timothy Richards
P2173,Andrea Levine
P2174,Joyce Martinez
P2175,William Thompson
P2176,Michael Singleton
P2177,Rodney Hardin
P2178,Jeffrey Frey
P2179,Richard Smith
P2180,Nicholas Webster
P2181,Jeffrey Ware
P2182,Cassidy Williamson
P2183,Alec Miller
P2184,Paul Mueller
P2185,David Hernandez
P2186,Emily Baker
P2187,Michael Dyer
P2188,Stephanie Fry
P2189,Joseph Stokes
P2190,Janice Ruiz
P2191,William Martinez
P2192,Carla Brown
P2193,Tiffany Mills
P2194,Maria Barnes
P2195,Samantha Doyle
P2196,Patrick Benjamin
P2197,Michele Powell
P2198,Jennifer Fischer
P2199,Tommy Kennedy
P2200,Cynthia Summers
P2201,Tammy Wiley
P2202,Erin Rice
P2203,April Hess
P2204,Tina Stewart
P2205,Jennifer Donovan
P2206,Anna Thomas
P2207,Raymond Coleman
P2208,Susan Johnson
P2209,Joshua Randall
P2210,Jacob Cooper
P2211,Jeffrey Montes
P2212,Megan Sullivan
P2213,Christopher Gregory
P2214,Emily Williams
P2215,Amanda Shaw
P2216,Michelle Foster
P2217,Tyrone Santiago
P2218,Mrs. Erica Hernandez
P2219,Morgan Daniels
P2220,Nicholas Smith
P2221,Aaron Lopez
P2222,Jared Garcia
P2223,Bryce James Jr.
P2224,Erica West
P2225,Kathryn Lopez
P2226,Brian Cummings
P2227,Emily Mclean
P2228,Valerie Taylor
P2229,Jamie Kelly
P2230,Cindy Ward
P2231,Marco Davenport
P2232,Miranda Castillo
P2233,Alan Ramsey
P2234,William Wu
P2235,Kristopher Williams
P2236,Michelle Kim MD
P2237,Mary Perkins
P2238,Henry Galloway
P2239,Amy Hansen
P2240,Cody Sims
P2241,Amy Morrison
P2242,Jesse Stanley
P2243,Christopher Gonzales
P2244,Sarah Butler
P2245,Reginald Crawford
P2246,Scott Allison
P2247,John Nash
P2248,Courtney Willis
P2249,Gloria Vega
P2250,Ronald Walton
P2251,Shane Church
P2252,Steven Cooke
P2253,Ashley Nguyen
P2254,Christy Fernandez
P2255,Amy Ford
P2256,Adam Young
P2257,Seth Arnold
P2258,Angela Mccoy
P2259,Andrew Levine
P2260,Terri Obrien
P2261,Eric Price DVM
P2262,Sandra Crawford
P2263,Meghan Cooley
P2264,Garrett Barnes
P2265,Mathew Williams Jr.
P2266,Robert Ortiz
P2267,Jack Robles
P2268,Lindsey Gomez
P2269,Deanna Best
P2270,Michael Martin
P2271,Phillip King
P2272,Cindy Summers PhD
P2273,Tanya Barnett
P2274,Angela Collins
P2275,Kim Robinson
P2276,Stephanie Barnes
P2277,Kyle Evans
P2278,Sherri Hanson
P2279,Bryan Sanchez
P2280,Molly Diaz
P2281,James Johnson
P2282,Elizabeth Allen
P2283,Olivia Wilson
P2284,Melissa Andrews DDS
P2285,Kurt Hinton
P2286,Daniel Taylor
P2287,Karen Cox
P2288,Paula Spencer
P2289,Patricia Smith
P2290,Anthony Patton
P2291,Dennis Velazquez
P2292,Ellen King
P2293,Stephen Cuevas
P2294,Candace Davis
P2295,Debbie Ho
P2296,Angela Oliver
P2297,Dr. Brandon James
P2298,Sydney Dunn
P2299,Ashley Macdonald
P2300,James Clark
P2301,Leslie Roberts
P2302,Eric Johnson
P2303,Jennifer Parker
P2304,Jessica Green
P2305,Barbara Williams
P2306,Jessica Garcia
P2307,Tracy Taylor
P2308,Steven Hicks
P2309,Shane Suarez
P2310,Carol Reyes
P2311,Erin Gilbert
P2312,Roger Nguyen
P2313,Michael Garrett
P2314,Tiffany Davis
P2315,Jennifer Goodwin
P2316,Jose Leon
P2317,Yvonne Anderson
P2318,Danielle Peterson
P2319,Matthew Ball
P2320,Curtis Carroll
P2321,Mallory Benson
P2322,Rose Shannon
P2323,Ruth James
P2324,Lisa Scott
P2325,Kimberly Green
P2326,Kimberly Mckinney
P2327,Amy Murray
P2328,Mary Garrett
P2329,Diamond Reyes
P2330,Deborah Cowan
P2331,Samantha Hall
P2332,William Miller
P2333,Alexander Smith
P2334,Melvin Blake
P2335,William Barton
P2336,Mr. Matthew Wiggins
P2337,Robert Marshall
P2338,Nathan West
P2339,Robert Lewis
P2340,Ashley Watson
P2341,Rhonda Hendrix
P2342,Michael Mendoza
P2343,Beth Cabrera
P2344,Dr. Jill Stephens
P2345,Timothy Macdonald
P2346,Jeffrey Jones
P2347,Ricky Stewart
P2348,Emily Logan
P2349,Michael Gray
P2350,Mark Henson
P2351,Vanessa Scott
P2352,Cindy Frost
P2353,Cindy Lynch
P2354,Karl Campos
P2355,John Hill
P2356,Steven Vargas
P2357,William Adams
P2358,Theresa Parks
P2359,Kenneth Dickson
P2360,Hector Johnson
P2361,Kaylee Hunter
P2362,Patricia Ramirez
P2363,Adam Curtis
P2364,Shannon Mason
P2365,Katie Roberts
P2366,Rachel Proctor
P2367,Holly Skinner
P2368,Hailey Cook
P2369,Michelle Harvey
P2370,Susan Davis
P2371,Jaclyn Herring
P2372,James Fleming
P2373,Anne Medina
P2374,Crystal Frank
P2375,Jennifer Caldwell
P2376,William Ferrell
P2377,Jennifer Caldwell
P2378,Melanie Miller
P2379,Troy Ellis
P2380,Tracey Fisher
P2381,Sandy Flynn
P2382,Derrick Taylor
P2383,Mr. Daniel Jones
P2384,Valerie Ward
P2385,David Young
P2386,Elizabeth Powell
P2387,Kathy Zamora
P2388,Joseph Nichols
P2389,Mark Jones
P2390,Mrs. Christina Hughes
P2391,Sheryl Porter
P2392,Ronald Williams
P2393,Carrie Gross
P2394,Robert Nielsen
P2395,Lydia Ortiz PhD
P2396,Aaron Thompson
P2397,Brian Davis
P2398,Mario Moreno
P2399,Robin Lloyd
P2400,Kenneth Foster
P2401,Robert Harris
P2402,Jose Morris
P2403,Shawn Simmons
P2404,Steven Allen
P2405,Kyle Edwards
P2406,Julie Briggs
P2407,Anthony Castro
P2408,Robin Wolfe
P2409,Danielle Beard
P2410,Jason White
P2411,James Livingston
P2412,Jose Sullivan
P2413,Brad Marshall
P2414,Dr. Jeffrey Rodriguez MD
P2415,Lawrence Fowler
P2416,Ryan Bailey
P2417,Alice Newman
P2418,Craig Young
P2419,Anita Coleman
P2420,James Avila
P2421,Lisa Caldwell
P2422,Lisa Morris
P2423,Kelly Walton
P2424,Cynthia Bryant
P2425,Dylan Hurley
P2426,Peggy Jones
P2427,David Hoffman
P2428,Amy Elliott
P2429,Sabrina Hill
P2430,Matthew Sanchez
P2431,Rachel Barber
P2432,Hunter Mcpherson
P2433,Michael Rogers
P2434,Marissa Howard
P2435,Jeffrey George
P2436,Ivan Fletcher
P2437,Nicole Roberson DDS
P2438,John Santiago
P2439,William Ross
P2440,Dawn Rodriguez
P2441,Amy Walker DDS
P2442,Melanie Byrd
P2443,Amy Webb
P2444,Amanda Williams
P2445,Jared Padilla
P2446,Stephanie Cunningham
P2447,Tamara Turner
P2448,Christina Fritz
P2449,Catherine Underwood
P2450,Traci Brown
P2451,Robert Brown
P2452,Alexander Williams
P2453,Mr. Joseph Garner DDS
P2454,Danielle Ross
P2455,Edward Heath
P2456,Denise Young
P2457,Lauren Washington
P2458,Maria Thomas
P2459,Dana Lane
P2460,Dustin Green
P2461,Jeffrey Parsons
P2462,William Garner
P2463,Cassidy Walker
P2464,Dr. Daniel Graham
P2465,Margaret Anderson
P2466,Phillip Cox
P2467,Shannon Smith
P2468,Michael Lawson
P2469,Robert Wiggins DDS
P2470,William Zuniga
P2471,Jennifer Freeman
P2472,Patrick Day
P2473,Alison Haley
P2474,Carol York
P2475,Danielle Wagner
P2476,David Lopez
P2477,Bryan Gay
P2478,Christopher Lopez
P2479,Glenn Reynolds
P2480,Frederick Allen
P2481,Jeffery Clark
P2482,Paul Tyler
P2483,Donna Richard
P2484,Sean Jordan
P2485,Alexander Maldonado
P2486,Brandon Collier
P2487,Nicholas Roth
P2488,Jennifer Bauer
P2489,Taylor Dennis
P2490,Richard Reynolds
P2491,Eric Ortega
P2492,Julia Smith
P2493,Michael Warren
P2494,Logan Lee
P2495,David Ramos
P2496,Scott Stephens
P2497,Jennifer Bridges
P2498,Vanessa Guzman
P2499,Julie Mccarthy
P2500,Shane Hernandez
P2501,Ian Moore
P2502,Donald Campbell
P2503,Denise Thornton
P2504,Kim Hoffman
P2505,Jordan Salazar
P2506,Sheri Johnson
P2507,Kayla Butler
P2508,David Gallegos
P2509,Morgan Gaines
P2510,Joseph White
P2511,Meredith Parrish
P2512,Katie Bradley
P2513,Paige Myers
P2514,Brandon Harris
P2515,John Young
P2516,Troy Lawson
P2517,Beverly Brown
P2518,Haley Lewis
P2519,Joseph Smith
P2520,Eric Manning
P2521,Christina Gonzalez
P2522,Derek Sanchez
P2523,Nicole Blackburn
P2524,Margaret Cook
P2525,Joshua Woodard
P2526,Sherry Hall
P2527,John Wade
P2528,Kaitlyn Castro
P2529,Sandra Smith
P2530,Victor Tucker
P2531,Thomas Thompson
P2532,Mark Strickland
P2533,Jessica Green
P2534,Anthony Cain
P2535,Anna Black
P2536,Jasmine Jackson
P2537,Lisa Torres
P2538,David Murphy
P2539,Kathryn Charles
P2540,Charles Snyder
P2541,Yvonne Mora
P2542,Leah Hall
P2543,Sandra Smith
P2544,Gloria Atkinson
P2545,James Stanley
P2546,Jordan Dickerson
P2547,Michelle Thomas DVM
P2548,John Guzman
P2549,Amanda Lynn
P2550,Thomas Rivera
P2551,Jonathan Roth
P2552,Eric Lynn
P2553,Scott Pollard
P2554,Tyler Mitchell
P2555,Peter Francis
P2556,Edward Estrada
P2557,Samuel Francis
P2558,Jason Edwards
P2559,William Miller
P2560,Thomas Davis
P2561,Amy Williams DDS
P2562,Keith Thompson
P2563,Deanna Barnett
P2564,Patricia Lyons
P2565,Laura Robles
P2566,Destiny Rodriguez
P2567,David Herrera
P2568,Tricia Howe
P2569,Brian Swanson
P2570,David Wright
P2571,Karen Harrison
P2572,Carrie Hays
P2573,Jesus Kerr
P2574,Kristin Graham
P2575,Zachary Navarro
P2576,Matthew Cox
P2577,Emily Fuentes
P2578,Justin Ewing
P2579,Craig Vasquez
P2580,Natalie Meyer
P2581,Michelle Mathis
P2582,Sarah Jackson
P2583,Timothy Moran
P2584,Derrick Adams
P2585,Mary Smith
P2586,Sabrina King
P2587,Steven Smith
P2588,Martha Valdez
P2589,Regina Miles
P2590,Cory Morales
P2591,Ann Taylor
P2592,Karen Stewart
P2593,Frank Hunter
P2594,Daniel Riley
P2595,Rita Dunlap
P2596,Mary Williams
P2597,Cameron Ward
P2598,Holly Alvarado
P2599,Deanna Osborn
P2600,Robert Pham MD
P2601,Joshua Johnson
P2602,Kathleen Ward
P2603,Richard Lee
P2604,Aaron Flores
P2605,Emma Leon
P2606,Pamela Hendricks
P2607,Michele Bates MD
P2608,Ashley Smith
P2609,Jose Valencia
P2610,Rebecca Hoffman
P2611,Mary Collins
P2612,Robert Jones
P2613,Sheila Griffin
P2614,Mike Hart
P2615,Andrew Anderson
P2616,Robert Pollard
P2617,Dorothy Robertson
P2618,Lucas Walker
P2619,Robert May
P2620,Mrs. Carol Payne
P2621,Zachary Sanchez
P2622,Lisa Clark
P2623,Sharon Clark
P2624,James Potter
P2625,Jane Harris
P2626,Sherry Hunt
P2627,Andrew Thomas
P2628,Gregory Warren
P2629,Devin Wheeler
P2630,Darryl Wolfe
P2631,Allison Santiago
P2632,Vanessa Briggs
P2633,Frances Rodriguez
P2634,Michael Holloway
P2635,Joshua Stanley
P2636,Alexis Caldwell
P2637,Joshua Mccall
P2638,Carolyn Howard
P2639,Brandi Randolph
P2640,Hannah Blackwell
P2641,Sarah Li
P2642,Joshua Banks
P2643,Sheena Thompson
P2644,Nicholas Miller
P2645,Nathaniel Norton
P2646,Amanda Nichols
P2647,Joshua Rodriguez
P2648,Summer Olson
P2649,Gabriel Johnson
P2650,Trevor Novak
P2651,Stacey Davis
P2652,Tonya Burns
P2653,Andrea Myers
P2654,Roger Ward
P2655,John Andrews
P2656,Mallory Johnson
P2657,Dylan Perry
P2658,Courtney Gonzales
P2659,Seth Bowen
P2660,John Hampton
P2661,Elizabeth Nguyen
P2662,Steven Newton
P2663,Gregory Davis
P2664,Bailey Cain
P2665,Larry Williams
P2666,Edward Harper
P2667,Amanda Martinez
P2668,Alexa Williams
P2669,Timothy Anthony
P2670,Anthony Martinez
P2671,Alyssa Franklin
P2672,Timothy Green
P2673,James Hurley
P2674,Robert Sheppard
P2675,David Stanley
P2676,Bradley Brown
P2677,Darius Dorsey
P2678,Kimberly Ellis
P2679,Ashley Parker
P2680,Spencer Watts
P2681,Julie Tate
P2682,Steven Pineda
P2683,Rebecca Barron
P2684,Nicole White
P2685,Mark Howell
P2686,Jack Hodge
P2687,Derrick Collins
P2688,Michael Vasquez
P2689,Julie Williams
P2690,Kenneth Lyons
P2691,Faith Kent
P2692,Thomas Sanchez
P2693,Sarah Howell
P2694,William White
P2695,Amanda Fields
P2696,Deanna Miller MD
P2697,Jennifer Flores
P2698,Jennifer Myers
P2699,Michael Morgan
P2700,Jessica Hardy
P2701,Jason Garcia
P2702,Marc Ford
P2703,Charles Mendez
P2704,Claudia Wilson
P2705,Jeanette Young
P2706,Mark Davis
P2707,Shaun Allen
P2708,Brandon Torres
P2709,Chris Koch
P2710,Christopher Wilson
P2711,Beth Sanders
P2712,Kristin Combs
P2713,Eric Baker
P2714,Connie Leonard
P2715,Aaron Williams
P2716,Kenneth Chapman
P2717,Crystal Matthews
P2718,Lisa Bryant
P2719,Haley Butler
P2720,Julie Davis
P2721,Bradley Hardy
P2722,Michelle Williams
P2723,Tammy Thomas
P2724,Andrew Ruiz
P2725,Henry Sandoval
P2726,Bradley Patel
P2727,Janice Coleman
P2728,Mary White
P2729,Megan Cantu
P2730,Kyle Young
P2731,Taylor Garza
P2732,Julian Taylor
P2733,Timothy Gamble
P2734,Jodi Lewis
P2735,Jessica Sellers
P2736,Kelly Wilson
P2737,Amanda Dunn
P2738,Amanda Walls DDS
P2739,Hector Brown
P2740,Amanda Murphy
P2741,Mr. Edward Cole
P2742,Matthew Mccarthy
P2743,Mark Brown
P2744,Christopher Reynolds
P2745,Thomas Poole
P2746,Matthew Carson
P2747,Shawn Holt
P2748,Raymond Gardner
P2749,Justin Phillips
P2750,Jeffrey Norton
P2751,Emily Matthews
P2752,Jaime White
P2753,Kayla Johnston
P2754,Natalie Jackson
P2755,James Avila
P2756,Dr. James Sellers
P2757,Antonio Turner
P2758,Victoria Stewart
P2759,Jason Torres
P2760,Jorge Knox
P2761,Kristin Simmons
P2762,Sean Davis
P2763,Stacey Medina
P2764,Michael Turner
P2765,Keith Howard
P2766,Ariel Swanson
P2767,April Jacobs
P2768,Amanda Dickerson
P2769,Valerie Adams
P2770,Terry Bryant
P2771,Claire Smith
P2772,Linda Little
P2773,Annette Harris
P2774,Andrew Li
P2775,Michelle Cross
P2776,Mark Miller
P2777,Lisa Little
P2778,Richard Harrington
P2779,Nathan Morgan
P2780,Dawn Marquez MD
P2781,Tracy Turner
P2782,Keith Rodriguez
P2783,Joan Tucker
P2784,Elizabeth Obrien
P2785,Trevor Frank
P2786,Keith Casey
P2787,Miguel Landry
P2788,Jessica Dunn
P2789,William Fox
P2790,Tasha Taylor
P2791,Megan Parker
P2792,Linda Olson
P2793,Denise Edwards
P2794,Jacob Pittman
P2795,Rebecca Thomas
P2796,Tina Robinson
P2797,Tracey Bradley
P2798,Christopher Roberts
P2799,Jacqueline Black
P2800,Mr. Parker Alvarado
P2801,Frank Zimmerman
P2802,Joshua Oconnor
P2803,Timothy Becker
P2804,Crystal Smith
P2805,Anne Holmes
P2806,Ashley Baker
P2807,Patrick Rogers
P2808,Ashley Norton
P2809,Mark Kelly
P2810,Steven Walton
P2811,Daniel Peterson
P2812,Daniel Ward
P2813,Andrew Black
P2814,Diane Fields
P2815,Meredith Rodriguez
P2816,Amanda Garcia
P2817,Gary Ingram
P2818,Denise Larsen
P2819,Joshua Gibson
P2820,Megan Love MD
P2821,Jennifer Robbins
P2822,Nathan Jones
P2823,Joshua Gillespie
P2824,Anne Waters
P2825,Tammy Sims
P2826,Corey Hernandez
P2827,Jose Harris
P2828,Joel Brown
P2829,Victoria Jones
P2830,John Wade
P2831,Kayla Jones
P2832,Allison King
P2833,Robert Jenkins
P2834,James Burnett
P2835,Todd Rodriguez
P2836,Kevin Leon
P2837,Michael Ramirez
P2838,Tammy Haney
P2839,Kara Smith
P2840,Mackenzie Fisher
P2841,Sarah Moore
P2842,Francis Wright
P2843,Linda Hampton
P2844,Christine Garrett
P2845,Cassie Pittman
P2846,Deborah Flynn
P2847,Brianna Graham
P2848,Jason Tate
P2849,Stephen Hernandez
P2850,Ashley Blake
P2851,Brian Houston
P2852,Mr. William Johnson
P2853,Kelly Cuevas
P2854,Lauren Harris
P2855,Jennifer Harris
P2856,Patricia Gray
P2857,John Mckenzie
P2858,Kathryn Wright
P2859,Megan Edwards
P2860,Brian Crawford
P2861,Justin Evans
P2862,Claudia Rowe
P2863,Cynthia Patel
P2864,Sharon Reese
P2865,Jared Johnson
P2866,Tina Palmer
P2867,Amy Moore
P2868,Janet Myers
P2869,Randall Glenn
P2870,Rachel Hays
P2871,Haley Gonzalez
P2872,Kimberly Gardner
P2873,Jason Pittman
P2874,Donna Berry
P2875,Christine Banks
P2876,Lindsey Carpenter
P2877,Nathan Johnson
P2878,Carolyn Reyes
P2879,Michelle Cole
P2880,Ruth Shields
P2881,Brenda Flowers
P2882,Penny Caldwell
P2883,James Watts
P2884,Debbie Gonzalez
P2885,James Rodriguez
P2886,Michael Kelley
P2887,William Carr
P2888,Jordan Cox
P2889,Joshua Jones
P2890,Tyler Baker
P2891,Sherry Barron PhD
P2892,Danielle Holloway
P2893,Paula Holland
P2894,Lisa Walker
P2895,Bonnie Jones
P2896,Steven Moon
P2897,Ryan Schaefer
P2898,Melinda Young
P2899,Crystal Holmes
P2900,Karl Schmidt
P2901,Bianca Ramirez
P2902,Mario Sanchez
P2903,Noah Gallagher
P2904,Amanda Powell
P2905,Joseph Martin
P2906,Kara Robinson
P2907,Amy Wilson
P2908,Reginald Kennedy
P2909,Brenda Brooks
P2910,James Walker
P2911,Melissa Conrad
P2912,Shannon Johnson
P2913,Robert Marks
P2914,Javier Barron
P2915,Joshua Greene
P2916,David Hayden
P2917,Dennis Castaneda
P2918,Sarah Sanchez
P2919,Shannon Rogers
P2920,Troy Graham
P2921,Derek Thornton
P2922,Cody Moore
P2923,Kevin Rogers
P2924,Lori Torres
P2925,Stacie Khan
P2926,Bill Bailey
P2927,Elizabeth Martinez
P2928,Victoria Reynolds
P2929,Debra Vaughn
P2930,Christopher Bryant
P2931,Jodi Goodwin
P2932,Austin Young
P2933,Dr. Carlos Murphy
P2934,Nicole Adams
P2935,Marcus Garza
P2936,Austin Watkins
P2937,Russell Miller
P2938,Martin Freeman
P2939,Emily Mitchell
P2940,Mark Allen MD
P2941,Michelle Whitaker
P2942,Eric Miller
P2943,Anna Montgomery
P2944,Sabrina Wilson
P2945,Kevin Harris
P2946,James Anderson
P2947,Suzanne Simpson
P2948,Nicholas Delacruz
P2949,Dr. Joshua Pacheco III
P2950,Jesus Gilbert
P2951,James Mendoza
P2952,Anna Elliott
P2953,Angela Mccoy
P2954,Dana Clark
P2955,Thomas Young
P2956,Cathy Davis
P2957,David Morales
P2958,Alison Woods
P2959,Patty Solomon
P2960,Alexis Martin
P2961,Amanda Rogers
P2962,Natalie Gonzalez
P2963,Vincent Liu
P2964,Andrea Burke
P2965,Catherine Simon
P2966,Derek Combs
P2967,Kevin Mercer
P2968,Robert Navarro
P2969,Ashley Kelly
P2970,Mary Caldwell
P2971,Victoria Flores
P2972,Roy Moses
P2973,Nicole Smith
P2974,Matthew Phillips
P2975,Lisa Smith
P2976,Erica Carroll
P2977,Travis Wilson
P2978,John Armstrong
P2979,Elizabeth Austin
P2980,Marcus Williams
P2981,Susan Blanchard
P2982,Mrs. Erin Oconnor
P2983,Douglas Dennis
P2984,Martin Pham
P2985,Matthew Roth
P2986,Christina Lopez
P2987,Riley Bailey
P2988,Mark Carey
P2989,Sherri Hunter
P2990,Juan Patel
P2991,Kimberly Brewer
P2992,Wendy Kelly
P2993,Rachel Wilson
P2994,Gregory Mitchell
P2995,Shelby Hughes DVM
P2996,Tristan Williamson
P2997,Theresa Steele
P2998,Jonathan Roth
P2999,Kevin Mcfarland
